<?xml version="1.0" encoding="UTF-8" standalone="no"?><oval_definitions xmlns="http://oval.mitre.org/XMLSchema/oval-definitions-5" xmlns:oval="http://oval.mitre.org/XMLSchema/oval-common-5" xmlns:win="http://oval.mitre.org/XMLSchema/oval-definitions-5#windows" xmlns:xsi="http://www.w3.org/2001/XMLSchema-instance" xsi:schemaLocation="http://oval.mitre.org/XMLSchema/oval-definitions-5#windows http://oval.mitre.org/language/version5.11/ovaldefinition/complete/windows-definitions-schema.xsd http://oval.mitre.org/XMLSchema/oval-definitions-5 http://oval.mitre.org/language/version5.11/ovaldefinition/complete/oval-definitions-schema.xsd http://oval.mitre.org/XMLSchema/oval-common-5 http://oval.mitre.org/language/version5.11/ovaldefinition/complete/oval-common-schema.xsd">
	<generator>
		<oval:product_name>Center for Internet Security</oval:product_name>
		<oval:schema_version>5.11</oval:schema_version>
		<oval:timestamp>2015-08-20T13:50:18-04:00</oval:timestamp>
	</generator>
	<definitions>
		<definition class="inventory" id="oval:org.mitre.oval:def:15696" version="3">
			<metadata>
				<title>Microsoft PowerPoint 2013 is installed</title>
				<affected family="windows">
					<platform>Microsoft Windows 7</platform>
					<platform>Microsoft Windows 8</platform>
					<product>Microsoft PowerPoint 2013</product>
				</affected>
				<reference ref_id="cpe:/a:microsoft:powerpoint:2013" source="CPE"/>
				<description>The application Microsoft PowerPoint 2013 is installed.</description>
				<oval_repository>
					<dates>
						<submitted date="2012-07-27T14:06:52.767-04:00">
							<contributor organization="G2, Inc.">Shane Shaffer</contributor>
						</submitted>
						<status_change date="2012-07-27T17:26:33.080-04:00">DRAFT</status_change>
						<status_change date="2012-08-13T04:00:27.636-04:00">INTERIM</status_change>
						<status_change date="2012-09-03T04:00:13.948-04:00">ACCEPTED</status_change>
					</dates>
					<status>ACCEPTED</status>
				</oval_repository>
			</metadata>
			<criteria>
				<criterion comment="Microsoft PowerPoint 2013 is installed" test_ref="oval:org.mitre.oval:tst:80101"/>
			</criteria>
		</definition>
		<definition class="compliance" id="oval:org.cisecurity.benchmarks.microsoft_powerpoint_2013:def:1002" version="1">
			<metadata>
				<title>Set 'Disable Slide Update' to Enabled</title>
				<affected family="windows">
					<product>Microsoft Office PowerPoint 2013</product>
				</affected>
				<reference ref_id="xccdf_org.cisecurity.benchmarks_rule_1.1.1_Set_Disable_Slide_Update_to_Enabled" ref_url="http://benchmarks.cisecurity.org" source="xccdf_org.cisecurity.benchmarks_benchmark_1.0.0_CIS_Microsoft_PowerPoint_2013_Benchmark"/>
				<description>Set 'Disable Slide Update' to Enabled</description>
			</metadata>
			<criteria operator="AND">
				<criterion test_ref="oval:org.cisecurity.benchmarks.microsoft_powerpoint_2013:tst:10001"/>
			</criteria>
		</definition>

		<definition class="compliance" id="oval:org.cisecurity.benchmarks.microsoft_powerpoint_2013:def:1003" version="1">
			<metadata>
				<title>Set 'Default file format' to Enabled (PowerPoint Presentation (*pptx))</title>
				<affected family="windows">
					<product>Microsoft PowerPoint 2013</product>
				</affected>
				<reference ref_id="xccdf_org.cisecurity.benchmarks_rule_1.2.1_Set_Default_file_format_to_Enabled_PowerPoint_Presentation_pptx" ref_url="http://benchmarks.cisecurity.org" source="xccdf_org.cisecurity.benchmarks_benchmark_1.0.0_CIS_Microsoft_PowerPoint_2013_Benchmark"/>
				<description>Set 'Default file format' to Enabled (PowerPoint Presentation (*pptx))</description>
			</metadata>
			<criteria operator="AND">
				<criterion test_ref="oval:org.cisecurity.benchmarks.microsoft_powerpoint_2013:tst:10002"/>
			</criteria>
		</definition>

		<definition class="compliance" id="oval:org.cisecurity.benchmarks.microsoft_powerpoint_2013:def:1004" version="1">
			<metadata>
				<title>Set 'Make Hidden Markup Visible' to Enabled</title>
				<affected family="windows">
					<product>Microsoft PowerPoint 2013</product>
				</affected>
				<reference ref_id="xccdf_org.cisecurity.benchmarks_rule_1.2.2_Set_Make_Hidden_Markup_Visible_to_Enabled" ref_url="http://benchmarks.cisecurity.org" source="xccdf_org.cisecurity.benchmarks_benchmark_1.0.0_CIS_Microsoft_PowerPoint_2013_Benchmark"/>
				<description>Set 'Make Hidden Markup Visible' to Enabled</description>
			</metadata>
			<criteria operator="AND">
				<criterion test_ref="oval:org.cisecurity.benchmarks.microsoft_powerpoint_2013:tst:10003"/>
			</criteria>
		</definition>

		<definition class="compliance" id="oval:org.cisecurity.benchmarks.microsoft_powerpoint_2013:def:1005" version="1">
			<metadata>
				<title>Set 'Scan Encrypted Macros in PowerPoint Open XML Presentations' to Enabled (Scan Encrypted Macros)  </title>
				<affected family="windows">
					<product>Microsoft PowerPoint 2013</product>
				</affected>
				<reference ref_id="xccdf_org.cisecurity.benchmarks_rule_1.2.3_Set_Scan_Encrypted_Macros_in_PowerPoint_Open_XML_Presentations_to_Enabled_Scan_Encrypted_Macros__" ref_url="http://benchmarks.cisecurity.org" source="xccdf_org.cisecurity.benchmarks_benchmark_1.0.0_CIS_Microsoft_PowerPoint_2013_Benchmark"/>
				<description>Set 'Scan Encrypted Macros in PowerPoint Open XML Presentations' to Enabled (Scan Encrypted Macros)  </description>
			</metadata>
			<criteria operator="AND">
				<criterion test_ref="oval:org.cisecurity.benchmarks.microsoft_powerpoint_2013:tst:10004"/>
			</criteria>
		</definition>

		<definition class="compliance" id="oval:org.cisecurity.benchmarks.microsoft_powerpoint_2013:def:1006" version="1">
			<metadata>
				<title>Set 'Run Programs' to Enabled (Disable (Don't Run Any Programs))</title>
				<affected family="windows">
					<product>Microsoft PowerPoint 2013</product>
				</affected>
				<reference ref_id="xccdf_org.cisecurity.benchmarks_rule_1.2.4_Set_Run_Programs_to_Enabled_Disable_Dont_Run_Any_Programs" ref_url="http://benchmarks.cisecurity.org" source="xccdf_org.cisecurity.benchmarks_benchmark_1.0.0_CIS_Microsoft_PowerPoint_2013_Benchmark"/>
				<description>Set 'Run Programs' to Enabled (Disable (Don't Run Any Programs))</description>
			</metadata>
			<criteria operator="AND">
				<criterion test_ref="oval:org.cisecurity.benchmarks.microsoft_powerpoint_2013:tst:10005"/>
			</criteria>
		</definition>

		<definition class="compliance" id="oval:org.cisecurity.benchmarks.microsoft_powerpoint_2013:def:1007" version="1">
			<metadata>
				<title>Set 'Turn Off File Validation' to Disabled</title>
				<affected family="windows">
					<product>Microsoft PowerPoint 2013</product>
				</affected>
				<reference ref_id="xccdf_org.cisecurity.benchmarks_rule_1.2.5_Set_Turn_Off_File_Validation_to_Disabled" ref_url="http://benchmarks.cisecurity.org" source="xccdf_org.cisecurity.benchmarks_benchmark_1.0.0_CIS_Microsoft_PowerPoint_2013_Benchmark"/>
				<description>Set 'Turn Off File Validation' to Disabled</description>
			</metadata>
			<criteria operator="AND">
				<criterion test_ref="oval:org.cisecurity.benchmarks.microsoft_powerpoint_2013:tst:10006"/>
			</criteria>
		</definition>

		<definition class="compliance" id="oval:org.cisecurity.benchmarks.microsoft_powerpoint_2013:def:1008" version="1">
			<metadata>
				<title>Set 'Unblock Automatic Download of Linked Images' to Disabled</title>
				<affected family="windows">
					<product>Microsoft PowerPoint 2013</product>
				</affected>
				<reference ref_id="xccdf_org.cisecurity.benchmarks_rule_1.2.6_Set_Unblock_Automatic_Download_of_Linked_Images_to_Disabled" ref_url="http://benchmarks.cisecurity.org" source="xccdf_org.cisecurity.benchmarks_benchmark_1.0.0_CIS_Microsoft_PowerPoint_2013_Benchmark"/>
				<description>Set 'Unblock Automatic Download of Linked Images' to Disabled</description>
			</metadata>
			<criteria operator="AND">
				<criterion test_ref="oval:org.cisecurity.benchmarks.microsoft_powerpoint_2013:tst:10007"/>
			</criteria>
		</definition>

		<definition class="compliance" id="oval:org.cisecurity.benchmarks.microsoft_powerpoint_2013:def:1009" version="1">
			<metadata>
				<title>Set 'Disable Trust Bar Notification for Unsigned Application Add-ins and Block Them' to Enable</title>
				<affected family="windows">
					<product>Microsoft PowerPoint 2013</product>
				</affected>
				<reference ref_id="xccdf_org.cisecurity.benchmarks_rule_1.2.7_Set_Disable_Trust_Bar_Notification_for_Unsigned_Application_Add-ins_and_Block_Them_to_Enable" ref_url="http://benchmarks.cisecurity.org" source="xccdf_org.cisecurity.benchmarks_benchmark_1.0.0_CIS_Microsoft_PowerPoint_2013_Benchmark"/>
				<description>Set 'Disable Trust Bar Notification for Unsigned Application Add-ins and Block Them' to Enable</description>
			</metadata>
			<criteria operator="AND">
				<criterion test_ref="oval:org.cisecurity.benchmarks.microsoft_powerpoint_2013:tst:10008"/>
			</criteria>
		</definition>

		<definition class="compliance" id="oval:org.cisecurity.benchmarks.microsoft_powerpoint_2013:def:1010" version="1">
			<metadata>
				<title>Set 'Trust Access to Visual Basic Project' to Disabled</title>
				<affected family="windows">
					<product>Microsoft PowerPoint 2013</product>
				</affected>
				<reference ref_id="xccdf_org.cisecurity.benchmarks_rule_1.2.8_Set_Trust_Access_to_Visual_Basic_Project_to_Disabled" ref_url="http://benchmarks.cisecurity.org" source="xccdf_org.cisecurity.benchmarks_benchmark_1.0.0_CIS_Microsoft_PowerPoint_2013_Benchmark"/>
				<description>Set 'Trust Access to Visual Basic Project' to Disabled</description>
			</metadata>
			<criteria operator="AND">
				<criterion test_ref="oval:org.cisecurity.benchmarks.microsoft_powerpoint_2013:tst:10009"/>
			</criteria>
		</definition>

		<definition class="compliance" id="oval:org.cisecurity.benchmarks.microsoft_powerpoint_2013:def:1011" version="1">
			<metadata>
				<title>Set 'Require That Application Add-ins are Signed by Trusted Publisher' to Enabled</title>
				<affected family="windows">
					<product>Microsoft PowerPoint 2013</product>
				</affected>
				<reference ref_id="xccdf_org.cisecurity.benchmarks_rule_1.2.9_Set_Require_That_Application_Add-ins_are_Signed_by_Trusted_Publisher_to_Enabled" ref_url="http://benchmarks.cisecurity.org" source="xccdf_org.cisecurity.benchmarks_benchmark_1.0.0_CIS_Microsoft_PowerPoint_2013_Benchmark"/>
				<description>Set 'Require That Application Add-ins are Signed by Trusted Publisher' to Enabled</description>
			</metadata>
			<criteria operator="AND">
				<criterion test_ref="oval:org.cisecurity.benchmarks.microsoft_powerpoint_2013:tst:10010"/>
			</criteria>
		</definition>

		<definition class="compliance" id="oval:org.cisecurity.benchmarks.microsoft_powerpoint_2013:def:1012" version="1">
			<metadata>
				<title>Set 'VBA Macro Notification Settings' to Enabled (Disable all Except Digitally Signed)</title>
				<affected family="windows">
					<product>Microsoft PowerPoint 2013</product>
				</affected>
				<reference ref_id="xccdf_org.cisecurity.benchmarks_rule_1.2.10_Set_VBA_Macro_Notification_Settings_to_Enabled_Disable_all_Except_Digitally_Signed" ref_url="http://benchmarks.cisecurity.org" source="xccdf_org.cisecurity.benchmarks_benchmark_1.0.0_CIS_Microsoft_PowerPoint_2013_Benchmark"/>
				<description>Set 'VBA Macro Notification Settings' to Enabled (Disable all Except Digitally Signed)</description>
			</metadata>
			<criteria operator="AND">
				<criterion test_ref="oval:org.cisecurity.benchmarks.microsoft_powerpoint_2013:tst:10011"/>
			</criteria>
		</definition>

		<definition class="compliance" id="oval:org.cisecurity.benchmarks.microsoft_powerpoint_2013:def:1013" version="1">
			<metadata>
				<title>Set 'Default File Block Behavior' to Enabled (Blocked files are not opened)</title>
				<affected family="windows">
					<product>Microsoft PowerPoint 2013</product>
				</affected>
				<reference ref_id="xccdf_org.cisecurity.benchmarks_rule_1.2.11_Set_Default_File_Block_Behavior_to_Enabled_Blocked_files_are_not_opened" ref_url="http://benchmarks.cisecurity.org" source="xccdf_org.cisecurity.benchmarks_benchmark_1.0.0_CIS_Microsoft_PowerPoint_2013_Benchmark"/>
				<description>Set 'Default File Block Behavior' to Enabled (Blocked files are not opened)</description>
			</metadata>
			<criteria operator="AND">
				<criterion test_ref="oval:org.cisecurity.benchmarks.microsoft_powerpoint_2013:tst:10012"/>
			</criteria>
		</definition>

		<definition class="compliance" id="oval:org.cisecurity.benchmarks.microsoft_powerpoint_2013:def:1014" version="1">
			<metadata>
				<title>Set ' Document Behavior if File Validation Fails' to Enabled (Open in Protected View (Unchecked))</title>
				<affected family="windows">
					<product>Microsoft PowerPoint 2013</product>
				</affected>
				<reference ref_id="xccdf_org.cisecurity.benchmarks_rule_1.2.12_Set__Document_Behavior_if_File_Validation_Fails_to_Enabled_Open_in_Protected_View_Unchecked" ref_url="http://benchmarks.cisecurity.org" source="xccdf_org.cisecurity.benchmarks_benchmark_1.0.0_CIS_Microsoft_PowerPoint_2013_Benchmark"/>
				<description>Set ' Document Behavior if File Validation Fails' to Enabled (Open in Protected View (Unchecked))</description>
			</metadata>
			<criteria operator="AND">
				<criterion test_ref="oval:org.cisecurity.benchmarks.microsoft_powerpoint_2013:tst:10013"/>
			</criteria>
		</definition>

		<definition class="compliance" id="oval:org.cisecurity.benchmarks.microsoft_powerpoint_2013:def:1015" version="1">
			<metadata>
				<title>Set ' Document Behavior if File Validation Fails' to Enabled (Open in Protected View (Unchecked))</title>
				<affected family="windows">
					<product>Microsoft PowerPoint 2013</product>
				</affected>
				<reference ref_id="xccdf_org.cisecurity.benchmarks_rule_1.2.12_Set__Document_Behavior_if_File_Validation_Fails_to_Enabled_Open_in_Protected_View_Unchecked" ref_url="http://benchmarks.cisecurity.org" source="xccdf_org.cisecurity.benchmarks_benchmark_1.0.0_CIS_Microsoft_PowerPoint_2013_Benchmark"/>
				<description>Set ' Document Behavior if File Validation Fails' to Enabled (Open in Protected View (Unchecked))</description>
			</metadata>
			<criteria operator="AND">
				<criterion test_ref="oval:org.cisecurity.benchmarks.microsoft_powerpoint_2013:tst:10014"/>
			</criteria>
		</definition>

		<definition class="compliance" id="oval:org.cisecurity.benchmarks.microsoft_powerpoint_2013:def:1016" version="1">
			<metadata>
				<title>Set 'Do not open from the Internet zone in Protected View' to Disabled</title>
				<affected family="windows">
					<product>Microsoft PowerPoint 2013</product>
				</affected>
				<reference ref_id="xccdf_org.cisecurity.benchmarks_rule_1.2.13_Set_Do_not_open_from_the_Internet_zone_in_Protected_View_to_Disabled" ref_url="http://benchmarks.cisecurity.org" source="xccdf_org.cisecurity.benchmarks_benchmark_1.0.0_CIS_Microsoft_PowerPoint_2013_Benchmark"/>
				<description>Set 'Do not open from the Internet zone in Protected View' to Disabled</description>
			</metadata>
			<criteria operator="AND">
				<criterion test_ref="oval:org.cisecurity.benchmarks.microsoft_powerpoint_2013:tst:10015"/>
			</criteria>
		</definition>

		<definition class="compliance" id="oval:org.cisecurity.benchmarks.microsoft_powerpoint_2013:def:1017" version="1">
			<metadata>
				<title>Set 'Turn off Protected View for attachments opened from Outlook' to Disabled</title>
				<affected family="windows">
					<product>Microsoft PowerPoint 2013</product>
				</affected>
				<reference ref_id="xccdf_org.cisecurity.benchmarks_rule_1.2.14_Set_Turn_off_Protected_View_for_attachments_opened_from_Outlook_to_Disabled" ref_url="http://benchmarks.cisecurity.org" source="xccdf_org.cisecurity.benchmarks_benchmark_1.0.0_CIS_Microsoft_PowerPoint_2013_Benchmark"/>
				<description>Set 'Turn off Protected View for attachments opened from Outlook' to Disabled</description>
			</metadata>
			<criteria operator="AND">
				<criterion test_ref="oval:org.cisecurity.benchmarks.microsoft_powerpoint_2013:tst:10016"/>
			</criteria>
		</definition>

		<definition class="compliance" id="oval:org.cisecurity.benchmarks.microsoft_powerpoint_2013:def:1018" version="1">
			<metadata>
				<title>Set 'Do not open files in unsafe locations in Protected View' to Disabled</title>
				<affected family="windows">
					<product>Microsoft PowerPoint 2013</product>
				</affected>
				<reference ref_id="xccdf_org.cisecurity.benchmarks_rule_1.2.15_Set_Do_not_open_files_in_unsafe_locations_in_Protected_View_to_Disabled" ref_url="http://benchmarks.cisecurity.org" source="xccdf_org.cisecurity.benchmarks_benchmark_1.0.0_CIS_Microsoft_PowerPoint_2013_Benchmark"/>
				<description>Set 'Do not open files in unsafe locations in Protected View' to Disabled</description>
			</metadata>
			<criteria operator="AND">
				<criterion test_ref="oval:org.cisecurity.benchmarks.microsoft_powerpoint_2013:tst:10017"/>
			</criteria>
		</definition>

		<definition class="compliance" id="oval:org.cisecurity.benchmarks.microsoft_powerpoint_2013:def:1019" version="1">
			<metadata>
				<title>Set 'Allow Trusted Locations on the network' to Disabled</title>
				<affected family="windows">
					<product>Microsoft PowerPoint 2013</product>
				</affected>
				<reference ref_id="xccdf_org.cisecurity.benchmarks_rule_1.2.16_Set_Allow_Trusted_Locations_on_the_network_to_Disabled" ref_url="http://benchmarks.cisecurity.org" source="xccdf_org.cisecurity.benchmarks_benchmark_1.0.0_CIS_Microsoft_PowerPoint_2013_Benchmark"/>
				<description>Set 'Allow Trusted Locations on the network' to Disabled</description>
			</metadata>
			<criteria operator="AND">
				<criterion test_ref="oval:org.cisecurity.benchmarks.microsoft_powerpoint_2013:tst:10018"/>
			</criteria>
		</definition>

		<definition class="compliance" id="oval:org.cisecurity.benchmarks.microsoft_powerpoint_2013:def:1020" version="1">
			<metadata>
				<title>Set 'Disable all trusted locations' to Enabled</title>
				<affected family="windows">
					<product>Microsoft PowerPoint 2013</product>
				</affected>
				<reference ref_id="xccdf_org.cisecurity.benchmarks_rule_1.2.17_Set_Disable_all_trusted_locations_to_Enabled" ref_url="http://benchmarks.cisecurity.org" source="xccdf_org.cisecurity.benchmarks_benchmark_1.0.0_CIS_Microsoft_PowerPoint_2013_Benchmark"/>
				<description>Set 'Disable all trusted locations' to Enabled</description>
			</metadata>
			<criteria operator="AND">
				<criterion test_ref="oval:org.cisecurity.benchmarks.microsoft_powerpoint_2013:tst:10019"/>
			</criteria>
		</definition>
	</definitions>
	<tests>
		<registry_test xmlns="http://oval.mitre.org/XMLSchema/oval-definitions-5#windows" check="at least one" check_existence="at_least_one_exists" comment="Microsoft PowerPoint 2013 is installed" id="oval:org.mitre.oval:tst:80101" version="1">
			<object object_ref="oval:org.mitre.oval:obj:23750"/>
		</registry_test>
		<win:registry_test check="all" check_existence="all_exist" comment="Ensure 'disableslideupdate' is equals to '1'" id="oval:org.cisecurity.benchmarks.microsoft_powerpoint_2013:tst:10001" version="1">
			<win:object object_ref="oval:org.cisecurity.benchmarks.microsoft_powerpoint_2013:obj:10001"/>
			<win:state state_ref="oval:org.cisecurity.benchmarks.microsoft_powerpoint_2013:ste:10001"/>
		</win:registry_test>

		<win:registry_test check="all" check_existence="all_exist" comment="Ensure 'defaultformat' is equals to '27'" id="oval:org.cisecurity.benchmarks.microsoft_powerpoint_2013:tst:10002" version="1">
			<win:object object_ref="oval:org.cisecurity.benchmarks.microsoft_powerpoint_2013:obj:10002"/>
			<win:state state_ref="oval:org.cisecurity.benchmarks.microsoft_powerpoint_2013:ste:10002"/>
		</win:registry_test>

		<win:registry_test check="all" check_existence="all_exist" comment="Ensure 'markupopensave' is equals to '1'" id="oval:org.cisecurity.benchmarks.microsoft_powerpoint_2013:tst:10003" version="1">
			<win:object object_ref="oval:org.cisecurity.benchmarks.microsoft_powerpoint_2013:obj:10003"/>
			<win:state state_ref="oval:org.cisecurity.benchmarks.microsoft_powerpoint_2013:ste:10003"/>
		</win:registry_test>

		<win:registry_test check="all" check_existence="all_exist" comment="Ensure 'powerpointbypassencryptedmacroscan' is equals to '0'" id="oval:org.cisecurity.benchmarks.microsoft_powerpoint_2013:tst:10004" version="1">
			<win:object object_ref="oval:org.cisecurity.benchmarks.microsoft_powerpoint_2013:obj:10004"/>
			<win:state state_ref="oval:org.cisecurity.benchmarks.microsoft_powerpoint_2013:ste:10004"/>
		</win:registry_test>

		<win:registry_test check="all" check_existence="all_exist" comment="Ensure 'runprograms' is equals to '0'" id="oval:org.cisecurity.benchmarks.microsoft_powerpoint_2013:tst:10005" version="1">
			<win:object object_ref="oval:org.cisecurity.benchmarks.microsoft_powerpoint_2013:obj:10005"/>
			<win:state state_ref="oval:org.cisecurity.benchmarks.microsoft_powerpoint_2013:ste:10005"/>
		</win:registry_test>

		<win:registry_test check="all" check_existence="all_exist" comment="Ensure 'enableonload' is equals to '1'" id="oval:org.cisecurity.benchmarks.microsoft_powerpoint_2013:tst:10006" version="1">
			<win:object object_ref="oval:org.cisecurity.benchmarks.microsoft_powerpoint_2013:obj:10006"/>
			<win:state state_ref="oval:org.cisecurity.benchmarks.microsoft_powerpoint_2013:ste:10006"/>
		</win:registry_test>

		<win:registry_test check="all" check_existence="any_exist" comment="Ensure 'downloadimages' is equals to '0'" id="oval:org.cisecurity.benchmarks.microsoft_powerpoint_2013:tst:10007" version="1">
			<win:object object_ref="oval:org.cisecurity.benchmarks.microsoft_powerpoint_2013:obj:10007"/>
			<win:state state_ref="oval:org.cisecurity.benchmarks.microsoft_powerpoint_2013:ste:10007"/>
		</win:registry_test>

		<win:registry_test check="all" check_existence="all_exist" comment="Ensure 'notbpromptunsignedaddin' is equals to '1'" id="oval:org.cisecurity.benchmarks.microsoft_powerpoint_2013:tst:10008" version="1">
			<win:object object_ref="oval:org.cisecurity.benchmarks.microsoft_powerpoint_2013:obj:10008"/>
			<win:state state_ref="oval:org.cisecurity.benchmarks.microsoft_powerpoint_2013:ste:10008"/>
		</win:registry_test>

		<win:registry_test check="all" check_existence="all_exist" comment="Ensure 'accessvbom' is equals to '0'" id="oval:org.cisecurity.benchmarks.microsoft_powerpoint_2013:tst:10009" version="1">
			<win:object object_ref="oval:org.cisecurity.benchmarks.microsoft_powerpoint_2013:obj:10009"/>
			<win:state state_ref="oval:org.cisecurity.benchmarks.microsoft_powerpoint_2013:ste:10009"/>
		</win:registry_test>

		<win:registry_test check="all" check_existence="all_exist" comment="Ensure 'requireaddinsig' is equals to '1'" id="oval:org.cisecurity.benchmarks.microsoft_powerpoint_2013:tst:10010" version="1">
			<win:object object_ref="oval:org.cisecurity.benchmarks.microsoft_powerpoint_2013:obj:10010"/>
			<win:state state_ref="oval:org.cisecurity.benchmarks.microsoft_powerpoint_2013:ste:10010"/>
		</win:registry_test>

		<win:registry_test check="all" check_existence="all_exist" comment="Ensure 'vbawarnings' is equals to '3'" id="oval:org.cisecurity.benchmarks.microsoft_powerpoint_2013:tst:10011" version="1">
			<win:object object_ref="oval:org.cisecurity.benchmarks.microsoft_powerpoint_2013:obj:10011"/>
			<win:state state_ref="oval:org.cisecurity.benchmarks.microsoft_powerpoint_2013:ste:10011"/>
		</win:registry_test>

		<win:registry_test check="all" check_existence="all_exist" comment="Ensure 'openinprotectedview' is equals to '0'" id="oval:org.cisecurity.benchmarks.microsoft_powerpoint_2013:tst:10012" version="1">
			<win:object object_ref="oval:org.cisecurity.benchmarks.microsoft_powerpoint_2013:obj:10012"/>
			<win:state state_ref="oval:org.cisecurity.benchmarks.microsoft_powerpoint_2013:ste:10012"/>
		</win:registry_test>

		<win:registry_test check="all" check_existence="all_exist" comment="Ensure 'disableeditfrompv' is equals to '1'" id="oval:org.cisecurity.benchmarks.microsoft_powerpoint_2013:tst:10013" version="1">
			<win:object object_ref="oval:org.cisecurity.benchmarks.microsoft_powerpoint_2013:obj:10013"/>
			<win:state state_ref="oval:org.cisecurity.benchmarks.microsoft_powerpoint_2013:ste:10013"/>
		</win:registry_test>

		<win:registry_test check="all" check_existence="all_exist" comment="Ensure 'openinprotectedview' is equals to '1'" id="oval:org.cisecurity.benchmarks.microsoft_powerpoint_2013:tst:10014" version="1">
			<win:object object_ref="oval:org.cisecurity.benchmarks.microsoft_powerpoint_2013:obj:10014"/>
			<win:state state_ref="oval:org.cisecurity.benchmarks.microsoft_powerpoint_2013:ste:10014"/>
		</win:registry_test>

		<win:registry_test check="all" check_existence="all_exist" comment="Ensure 'disableinternetfilesinpv' is equals to '0'" id="oval:org.cisecurity.benchmarks.microsoft_powerpoint_2013:tst:10015" version="1">
			<win:object object_ref="oval:org.cisecurity.benchmarks.microsoft_powerpoint_2013:obj:10015"/>
			<win:state state_ref="oval:org.cisecurity.benchmarks.microsoft_powerpoint_2013:ste:10015"/>
		</win:registry_test>

		<win:registry_test check="all" check_existence="all_exist" comment="Ensure 'disableattachmentsinpv' is equals to '0'" id="oval:org.cisecurity.benchmarks.microsoft_powerpoint_2013:tst:10016" version="1">
			<win:object object_ref="oval:org.cisecurity.benchmarks.microsoft_powerpoint_2013:obj:10016"/>
			<win:state state_ref="oval:org.cisecurity.benchmarks.microsoft_powerpoint_2013:ste:10016"/>
		</win:registry_test>

		<win:registry_test check="all" check_existence="all_exist" comment="Ensure 'disableunsafelocationsinpv' is equals to '0'" id="oval:org.cisecurity.benchmarks.microsoft_powerpoint_2013:tst:10017" version="1">
			<win:object object_ref="oval:org.cisecurity.benchmarks.microsoft_powerpoint_2013:obj:10017"/>
			<win:state state_ref="oval:org.cisecurity.benchmarks.microsoft_powerpoint_2013:ste:10017"/>
		</win:registry_test>

		<win:registry_test check="all" check_existence="all_exist" comment="Ensure 'allownetworklocations' is equals to '0'" id="oval:org.cisecurity.benchmarks.microsoft_powerpoint_2013:tst:10018" version="1">
			<win:object object_ref="oval:org.cisecurity.benchmarks.microsoft_powerpoint_2013:obj:10018"/>
			<win:state state_ref="oval:org.cisecurity.benchmarks.microsoft_powerpoint_2013:ste:10018"/>
		</win:registry_test>

		<win:registry_test check="all" check_existence="all_exist" comment="Ensure 'alllocationsdisabled' is equals to '1'" id="oval:org.cisecurity.benchmarks.microsoft_powerpoint_2013:tst:10019" version="1">
			<win:object object_ref="oval:org.cisecurity.benchmarks.microsoft_powerpoint_2013:obj:10019"/>
			<win:state state_ref="oval:org.cisecurity.benchmarks.microsoft_powerpoint_2013:ste:10019"/>
		</win:registry_test>
	</tests>
	<objects>
		<registry_object xmlns="http://oval.mitre.org/XMLSchema/oval-definitions-5#windows" comment="PowerPoint 2013 install path" id="oval:org.mitre.oval:obj:23750" version="1">
			<set xmlns="http://oval.mitre.org/XMLSchema/oval-definitions-5">
				<object_reference>oval:org.mitre.oval:obj:23687</object_reference>
				<object_reference>oval:org.mitre.oval:obj:23999</object_reference>
			</set>
		</registry_object>
		<registry_object xmlns="http://oval.mitre.org/XMLSchema/oval-definitions-5#windows" comment="Native PowerPoint 2013 install path" id="oval:org.mitre.oval:obj:23999" version="1">
			<hive>HKEY_LOCAL_MACHINE</hive>
			<key>SOFTWARE\Microsoft\Office\15.0\PowerPoint\InstallRoot</key>
			<name>Path</name>
		</registry_object>
		<registry_object xmlns="http://oval.mitre.org/XMLSchema/oval-definitions-5#windows" comment="32 bit PowerPoint 2013 install path" id="oval:org.mitre.oval:obj:23687" version="1">
			<behaviors windows_view="32_bit"/>
			<hive>HKEY_LOCAL_MACHINE</hive>
			<key>SOFTWARE\Microsoft\Office\15.0\PowerPoint\InstallRoot</key>
			<name>Path</name>
		</registry_object>
		<win:registry_object comment="Ensure 'disableslideupdate' is equals to '1'" id="oval:org.cisecurity.benchmarks.microsoft_powerpoint_2013:obj:10001" version="1">
			<win:hive>HKEY_USERS</win:hive>
			<win:key operation="pattern match">^S-1-5-21-[0-9]+-[0-9]+-[0-9]+-[0-9]{4,}\\[Ss]oftware\\[Pp]olicies\\[Mm]icrosoft\\[Oo]ffice\\15.0\\[Pp]owerpoint\\[Ss]lide [Ll]ibraries</win:key>
			<win:name>disableslideupdate</win:name>
		</win:registry_object>

		<win:registry_object comment="Ensure 'defaultformat' is equals to '27'" id="oval:org.cisecurity.benchmarks.microsoft_powerpoint_2013:obj:10002" version="1">
			<win:hive>HKEY_USERS</win:hive>
			<win:key operation="pattern match">^S-1-5-21-[0-9]+-[0-9]+-[0-9]+-[0-9]{4,}\\[Ss]oftware\\[Pp]olicies\\[Mm]icrosoft\\[Oo]ffice\\15.0\\[Pp]owerpoint\\[Oo]ptions</win:key>
			<win:name>defaultformat</win:name>
		</win:registry_object>

		<win:registry_object comment="Ensure 'markupopensave' is equals to '1'" id="oval:org.cisecurity.benchmarks.microsoft_powerpoint_2013:obj:10003" version="1">
			<win:hive>HKEY_USERS</win:hive>
			<win:key operation="pattern match">^S-1-5-21-[0-9]+-[0-9]+-[0-9]+-[0-9]{4,}\\[Ss]oftware\\[Pp]olicies\\[Mm]icrosoft\\[Oo]ffice\\15.0\\[Pp]owerpoint\\[Oo]ptions</win:key>
			<win:name>markupopensave</win:name>
		</win:registry_object>

		<win:registry_object comment="Ensure 'powerpointbypassencryptedmacroscan' is equals to '0'" id="oval:org.cisecurity.benchmarks.microsoft_powerpoint_2013:obj:10004" version="1">
			<win:hive>HKEY_USERS</win:hive>
			<win:key operation="pattern match">^S-1-5-21-[0-9]+-[0-9]+-[0-9]+-[0-9]{4,}\\[Ss]oftware\\[Pp]olicies\\[Mm]icrosoft\\[Oo]ffice\\15.0\\[Pp]owerpoint\\[Ss]ecurity</win:key>
			<win:name>powerpointbypassencryptedmacroscan</win:name>
		</win:registry_object>

		<win:registry_object comment="Ensure 'runprograms' is equals to '0'" id="oval:org.cisecurity.benchmarks.microsoft_powerpoint_2013:obj:10005" version="1">
			<win:hive>HKEY_USERS</win:hive>
			<win:key operation="pattern match">^S-1-5-21-[0-9]+-[0-9]+-[0-9]+-[0-9]{4,}\\[Ss]oftware\\[Pp]olicies\\[Mm]icrosoft\\[Oo]ffice\\15.0\\[Pp]owerpoint\\[Ss]ecurity</win:key>
			<win:name>runprograms</win:name>
		</win:registry_object>

		<win:registry_object comment="Ensure 'enableonload' is equals to '1'" id="oval:org.cisecurity.benchmarks.microsoft_powerpoint_2013:obj:10006" version="1">
			<win:hive>HKEY_USERS</win:hive>
			<win:key operation="pattern match">^S-1-5-21-[0-9]+-[0-9]+-[0-9]+-[0-9]{4,}\\[Ss]oftware\\[Pp]olicies\\[Mm]icrosoft\\[Oo]ffice\\15.0\\[Pp]owerpoint\\[Ss]ecurity\\[Ff]ilevalidation</win:key>
			<win:name>enableonload</win:name>
		</win:registry_object>

		<win:registry_object comment="Ensure 'downloadimages' is equals to '0'" id="oval:org.cisecurity.benchmarks.microsoft_powerpoint_2013:obj:10007" version="1">
			<win:hive>HKEY_USERS</win:hive>
			<win:key operation="pattern match">^S-1-5-21-[0-9]+-[0-9]+-[0-9]+-[0-9]{4,}\\[Ss]oftware\\[Pp]olicies\\[Mm]icrosoft\\[Oo]ffice\\15.0\\[Pp]owerpoint\\[Ss]ecurity</win:key>
			<win:name>downloadimages</win:name>
		</win:registry_object>

		<win:registry_object comment="Ensure 'notbpromptunsignedaddin' is equals to '1'" id="oval:org.cisecurity.benchmarks.microsoft_powerpoint_2013:obj:10008" version="1">
			<win:hive>HKEY_USERS</win:hive>
			<win:key operation="pattern match">^S-1-5-21-[0-9]+-[0-9]+-[0-9]+-[0-9]{4,}\\[Ss]oftware\\[Pp]olicies\\[Mm]icrosoft\\[Oo]ffice\\15.0\\[Pp]owerpoint\\[Ss]ecurity</win:key>
			<win:name>notbpromptunsignedaddin</win:name>
		</win:registry_object>

		<win:registry_object comment="Ensure 'accessvbom' is equals to '0'" id="oval:org.cisecurity.benchmarks.microsoft_powerpoint_2013:obj:10009" version="1">
			<win:hive>HKEY_USERS</win:hive>
			<win:key operation="pattern match">^S-1-5-21-[0-9]+-[0-9]+-[0-9]+-[0-9]{4,}\\[Ss]oftware\\[Pp]olicies\\[Mm]icrosoft\\[Oo]ffice\\15.0\\[Pp]owerpoint\\[Ss]ecurity</win:key>
			<win:name>accessvbom</win:name>
		</win:registry_object>

		<win:registry_object comment="Ensure 'requireaddinsig' is equals to '1'" id="oval:org.cisecurity.benchmarks.microsoft_powerpoint_2013:obj:10010" version="1">
			<win:hive>HKEY_USERS</win:hive>
			<win:key operation="pattern match">^S-1-5-21-[0-9]+-[0-9]+-[0-9]+-[0-9]{4,}\\[Ss]oftware\\[Pp]olicies\\[Mm]icrosoft\\[Oo]ffice\\15.0\\[Pp]owerpoint\\[Ss]ecurity</win:key>
			<win:name>requireaddinsig</win:name>
		</win:registry_object>

		<win:registry_object comment="Ensure 'vbawarnings' is equals to '3'" id="oval:org.cisecurity.benchmarks.microsoft_powerpoint_2013:obj:10011" version="1">
			<win:hive>HKEY_USERS</win:hive>
			<win:key operation="pattern match">^S-1-5-21-[0-9]+-[0-9]+-[0-9]+-[0-9]{4,}\\[Ss]oftware\\[Pp]olicies\\[Mm]icrosoft\\[Oo]ffice\\15.0\\[Pp]owerpoint\\[Ss]ecurity</win:key>
			<win:name>vbawarnings</win:name>
		</win:registry_object>

		<win:registry_object comment="Ensure 'openinprotectedview' is equals to '0'" id="oval:org.cisecurity.benchmarks.microsoft_powerpoint_2013:obj:10012" version="1">
			<win:hive>HKEY_USERS</win:hive>
			<win:key operation="pattern match">^S-1-5-21-[0-9]+-[0-9]+-[0-9]+-[0-9]{4,}\\[Ss]oftware\\[Pp]olicies\\[Mm]icrosoft\\[Oo]ffice\\15.0\\[Pp]owerpoint\\[Ss]ecurity\\[Ff]ileblock</win:key>
			<win:name>openinprotectedview</win:name>
		</win:registry_object>

		<win:registry_object comment="Ensure 'disableeditfrompv' is equals to '1'" id="oval:org.cisecurity.benchmarks.microsoft_powerpoint_2013:obj:10013" version="1">
			<win:hive>HKEY_USERS</win:hive>
			<win:key operation="pattern match">^S-1-5-21-[0-9]+-[0-9]+-[0-9]+-[0-9]{4,}\\[Ss]oftware\\[Pp]olicies\\[Mm]icrosoft\\[Oo]ffice\\15.0\\[Pp]owerpoint\\[Ss]ecurity\\[Ff]ilevalidation</win:key>
			<win:name>disableeditfrompv</win:name>
		</win:registry_object>

		<win:registry_object comment="Ensure 'openinprotectedview' is equals to '1'" id="oval:org.cisecurity.benchmarks.microsoft_powerpoint_2013:obj:10014" version="1">
			<win:hive>HKEY_USERS</win:hive>
			<win:key operation="pattern match">^S-1-5-21-[0-9]+-[0-9]+-[0-9]+-[0-9]{4,}\\[Ss]oftware\\[Pp]olicies\\[Mm]icrosoft\\[Oo]ffice\\15.0\\[Pp]owerpoint\\[Ss]ecurity\\[Ff]ilevalidation</win:key>
			<win:name>openinprotectedview</win:name>
		</win:registry_object>

		<win:registry_object comment="Ensure 'disableinternetfilesinpv' is equals to '0'" id="oval:org.cisecurity.benchmarks.microsoft_powerpoint_2013:obj:10015" version="1">
			<win:hive>HKEY_USERS</win:hive>
			<win:key operation="pattern match">^S-1-5-21-[0-9]+-[0-9]+-[0-9]+-[0-9]{4,}\\[Ss]oftware\\[Pp]olicies\\[Mm]icrosoft\\[Oo]ffice\\15.0\\[Pp]owerpoint\\[Ss]ecurity\\[Pp]rotectedview</win:key>
			<win:name>disableinternetfilesinpv</win:name>
		</win:registry_object>

		<win:registry_object comment="Ensure 'disableattachmentsinpv' is equals to '0'" id="oval:org.cisecurity.benchmarks.microsoft_powerpoint_2013:obj:10016" version="1">
			<win:hive>HKEY_USERS</win:hive>
			<win:key operation="pattern match">^S-1-5-21-[0-9]+-[0-9]+-[0-9]+-[0-9]{4,}\\[Ss]oftware\\[Pp]olicies\\[Mm]icrosoft\\[Oo]ffice\\15.0\\[Pp]owerpoint\\[Ss]ecurity\\[Pp]rotectedview</win:key>
			<win:name>disableattachmentsinpv</win:name>
		</win:registry_object>

		<win:registry_object comment="Ensure 'disableunsafelocationsinpv' is equals to '0'" id="oval:org.cisecurity.benchmarks.microsoft_powerpoint_2013:obj:10017" version="1">
			<win:hive>HKEY_USERS</win:hive>
			<win:key operation="pattern match">^S-1-5-21-[0-9]+-[0-9]+-[0-9]+-[0-9]{4,}\\[Ss]oftware\\[Pp]olicies\\[Mm]icrosoft\\[Oo]ffice\\15.0\\[Pp]owerpoint\\[Ss]ecurity\\[Pp]rotectedview</win:key>
			<win:name>disableunsafelocationsinpv</win:name>
		</win:registry_object>

		<win:registry_object comment="Ensure 'allownetworklocations' is equals to '0'" id="oval:org.cisecurity.benchmarks.microsoft_powerpoint_2013:obj:10018" version="1">
			<win:hive>HKEY_USERS</win:hive>
			<win:key operation="pattern match">^S-1-5-21-[0-9]+-[0-9]+-[0-9]+-[0-9]{4,}\\[Ss]oftware\\[Pp]olicies\\[Mm]icrosoft\\[Oo]ffice\\15.0\\[Pp]owerpoint\\[Ss]ecurity\\[Tt]rusted [Ll]ocations</win:key>
			<win:name>allownetworklocations</win:name>
		</win:registry_object>

		<win:registry_object comment="Ensure 'alllocationsdisabled' is equals to '1'" id="oval:org.cisecurity.benchmarks.microsoft_powerpoint_2013:obj:10019" version="1">
			<win:hive>HKEY_USERS</win:hive>
			<win:key operation="pattern match">^S-1-5-21-[0-9]+-[0-9]+-[0-9]+-[0-9]{4,}\\[Ss]oftware\\[Pp]olicies\\[Mm]icrosoft\\[Oo]ffice\\15.0\\[Pp]owerpoint\\[Ss]ecurity\\[Tt]rusted locations</win:key>
			<win:name>alllocationsdisabled</win:name>
		</win:registry_object>
	</objects>
	<states>
		<win:registry_state comment="Ensure 'disableslideupdate' is equals to '1'" id="oval:org.cisecurity.benchmarks.microsoft_powerpoint_2013:ste:10001" version="1">
			<win:type>reg_dword</win:type>
			<win:value datatype="int" operation="equals" var_ref="oval:org.cisecurity.benchmarks.microsoft_powerpoint_2013:var:1002"/>
		</win:registry_state>

		<win:registry_state comment="Ensure 'defaultformat' is equals to '27'" id="oval:org.cisecurity.benchmarks.microsoft_powerpoint_2013:ste:10002" version="1">
			<win:type>reg_dword</win:type>
			<win:value datatype="int" operation="equals" var_ref="oval:org.cisecurity.benchmarks.microsoft_powerpoint_2013:var:1003"/>
		</win:registry_state>

		<win:registry_state comment="Ensure 'markupopensave' is equals to '1'" id="oval:org.cisecurity.benchmarks.microsoft_powerpoint_2013:ste:10003" version="1">
			<win:type>reg_dword</win:type>
			<win:value datatype="int" operation="equals" var_ref="oval:org.cisecurity.benchmarks.microsoft_powerpoint_2013:var:1004"/>
		</win:registry_state>

		<win:registry_state comment="Ensure 'powerpointbypassencryptedmacroscan' is equals to '0'" id="oval:org.cisecurity.benchmarks.microsoft_powerpoint_2013:ste:10004" version="1">
			<win:type>reg_dword</win:type>
			<win:value datatype="int" operation="equals" var_ref="oval:org.cisecurity.benchmarks.microsoft_powerpoint_2013:var:1005"/>
		</win:registry_state>

		<win:registry_state comment="Ensure 'runprograms' is equals to '0'" id="oval:org.cisecurity.benchmarks.microsoft_powerpoint_2013:ste:10005" version="1">
			<win:type>reg_dword</win:type>
			<win:value datatype="int" operation="equals" var_ref="oval:org.cisecurity.benchmarks.microsoft_powerpoint_2013:var:1006"/>
		</win:registry_state>

		<win:registry_state comment="Ensure 'enableonload' is equals to '1'" id="oval:org.cisecurity.benchmarks.microsoft_powerpoint_2013:ste:10006" version="1">
			<win:type>reg_dword</win:type>
			<win:value datatype="int" operation="equals" var_ref="oval:org.cisecurity.benchmarks.microsoft_powerpoint_2013:var:1007"/>
		</win:registry_state>

		<win:registry_state comment="Ensure 'downloadimages' is equals to '0'" id="oval:org.cisecurity.benchmarks.microsoft_powerpoint_2013:ste:10007" version="1">
			<win:type>reg_dword</win:type>
			<win:value datatype="int" operation="equals" var_ref="oval:org.cisecurity.benchmarks.microsoft_powerpoint_2013:var:1008"/>
		</win:registry_state>

		<win:registry_state comment="Ensure 'notbpromptunsignedaddin' is equals to '1'" id="oval:org.cisecurity.benchmarks.microsoft_powerpoint_2013:ste:10008" version="1">
			<win:type>reg_dword</win:type>
			<win:value datatype="int" operation="equals" var_ref="oval:org.cisecurity.benchmarks.microsoft_powerpoint_2013:var:1009"/>
		</win:registry_state>

		<win:registry_state comment="Ensure 'accessvbom' is equals to '0'" id="oval:org.cisecurity.benchmarks.microsoft_powerpoint_2013:ste:10009" version="1">
			<win:type>reg_dword</win:type>
			<win:value datatype="int" operation="equals" var_ref="oval:org.cisecurity.benchmarks.microsoft_powerpoint_2013:var:1010"/>
		</win:registry_state>

		<win:registry_state comment="Ensure 'requireaddinsig' is equals to '1'" id="oval:org.cisecurity.benchmarks.microsoft_powerpoint_2013:ste:10010" version="1">
			<win:type>reg_dword</win:type>
			<win:value datatype="int" operation="equals" var_ref="oval:org.cisecurity.benchmarks.microsoft_powerpoint_2013:var:1011"/>
		</win:registry_state>

		<win:registry_state comment="Ensure 'vbawarnings' is equals to '3'" id="oval:org.cisecurity.benchmarks.microsoft_powerpoint_2013:ste:10011" version="1">
			<win:type>reg_dword</win:type>
			<win:value datatype="int" operation="equals" var_ref="oval:org.cisecurity.benchmarks.microsoft_powerpoint_2013:var:1012"/>
		</win:registry_state>

		<win:registry_state comment="Ensure 'openinprotectedview' is equals to '0'" id="oval:org.cisecurity.benchmarks.microsoft_powerpoint_2013:ste:10012" version="1">
			<win:type>reg_dword</win:type>
			<win:value datatype="int" operation="equals" var_ref="oval:org.cisecurity.benchmarks.microsoft_powerpoint_2013:var:1013"/>
		</win:registry_state>

		<win:registry_state comment="Ensure 'disableeditfrompv' is equals to '1'" id="oval:org.cisecurity.benchmarks.microsoft_powerpoint_2013:ste:10013" version="1">
			<win:type>reg_dword</win:type>
			<win:value datatype="int" operation="equals" var_ref="oval:org.cisecurity.benchmarks.microsoft_powerpoint_2013:var:1014"/>
		</win:registry_state>

		<win:registry_state comment="Ensure 'openinprotectedview' is equals to '1'" id="oval:org.cisecurity.benchmarks.microsoft_powerpoint_2013:ste:10014" version="1">
			<win:type>reg_dword</win:type>
			<win:value datatype="int" operation="equals" var_ref="oval:org.cisecurity.benchmarks.microsoft_powerpoint_2013:var:1015"/>
		</win:registry_state>

		<win:registry_state comment="Ensure 'disableinternetfilesinpv' is equals to '0'" id="oval:org.cisecurity.benchmarks.microsoft_powerpoint_2013:ste:10015" version="1">
			<win:type>reg_dword</win:type>
			<win:value datatype="int" operation="equals" var_ref="oval:org.cisecurity.benchmarks.microsoft_powerpoint_2013:var:1016"/>
		</win:registry_state>

		<win:registry_state comment="Ensure 'disableattachmentsinpv' is equals to '0'" id="oval:org.cisecurity.benchmarks.microsoft_powerpoint_2013:ste:10016" version="1">
			<win:type>reg_dword</win:type>
			<win:value datatype="int" operation="equals" var_ref="oval:org.cisecurity.benchmarks.microsoft_powerpoint_2013:var:1017"/>
		</win:registry_state>

		<win:registry_state comment="Ensure 'disableunsafelocationsinpv' is equals to '0'" id="oval:org.cisecurity.benchmarks.microsoft_powerpoint_2013:ste:10017" version="1">
			<win:type>reg_dword</win:type>
			<win:value datatype="int" operation="equals" var_ref="oval:org.cisecurity.benchmarks.microsoft_powerpoint_2013:var:1018"/>
		</win:registry_state>

		<win:registry_state comment="Ensure 'allownetworklocations' is equals to '0'" id="oval:org.cisecurity.benchmarks.microsoft_powerpoint_2013:ste:10018" version="1">
			<win:type>reg_dword</win:type>
			<win:value datatype="int" operation="equals" var_ref="oval:org.cisecurity.benchmarks.microsoft_powerpoint_2013:var:1019"/>
		</win:registry_state>

		<win:registry_state comment="Ensure 'alllocationsdisabled' is equals to '1'" id="oval:org.cisecurity.benchmarks.microsoft_powerpoint_2013:ste:10019" version="1">
			<win:type>reg_dword</win:type>
			<win:value datatype="int" operation="equals" var_ref="oval:org.cisecurity.benchmarks.microsoft_powerpoint_2013:var:1020"/>
		</win:registry_state>
	</states>
	<variables>
		<external_variable comment="This variable is used in Rule Set 'Disable Slide Update' to Enabled" datatype="int" id="oval:org.cisecurity.benchmarks.microsoft_powerpoint_2013:var:1002" version="1"/>

		<external_variable comment="This variable is used in Rule Set 'Default file format' to Enabled (PowerPoint Presentation (*pptx))" datatype="int" id="oval:org.cisecurity.benchmarks.microsoft_powerpoint_2013:var:1003" version="1"/>

		<external_variable comment="This variable is used in Rule Set 'Make Hidden Markup Visible' to Enabled" datatype="int" id="oval:org.cisecurity.benchmarks.microsoft_powerpoint_2013:var:1004" version="1"/>

		<external_variable comment="This variable is used in Rule Set 'Scan Encrypted Macros in PowerPoint Open XML Presentations' to Enabled (Scan Encrypted Macros)  " datatype="int" id="oval:org.cisecurity.benchmarks.microsoft_powerpoint_2013:var:1005" version="1"/>

		<external_variable comment="This variable is used in Rule Set 'Run Programs' to Enabled (Disable (Don't Run Any Programs))" datatype="int" id="oval:org.cisecurity.benchmarks.microsoft_powerpoint_2013:var:1006" version="1"/>

		<external_variable comment="This variable is used in Rule Set 'Turn Off File Validation' to Disabled" datatype="int" id="oval:org.cisecurity.benchmarks.microsoft_powerpoint_2013:var:1007" version="1"/>

		<external_variable comment="This variable is used in Rule Set 'Unblock Automatic Download of Linked Images' to Disabled" datatype="int" id="oval:org.cisecurity.benchmarks.microsoft_powerpoint_2013:var:1008" version="1"/>

		<external_variable comment="This variable is used in Rule Set 'Disable Trust Bar Notification for Unsigned Application Add-ins and Block Them' to Enable" datatype="int" id="oval:org.cisecurity.benchmarks.microsoft_powerpoint_2013:var:1009" version="1"/>

		<external_variable comment="This variable is used in Rule Set 'Trust Access to Visual Basic Project' to Disabled" datatype="int" id="oval:org.cisecurity.benchmarks.microsoft_powerpoint_2013:var:1010" version="1"/>

		<external_variable comment="This variable is used in Rule Set 'Require That Application Add-ins are Signed by Trusted Publisher' to Enabled" datatype="int" id="oval:org.cisecurity.benchmarks.microsoft_powerpoint_2013:var:1011" version="1"/>

		<external_variable comment="This variable is used in Rule Set 'VBA Macro Notification Settings' to Enabled (Disable all Except Digitally Signed)" datatype="int" id="oval:org.cisecurity.benchmarks.microsoft_powerpoint_2013:var:1012" version="1"/>

		<external_variable comment="This variable is used in Rule Set 'Default File Block Behavior' to Enabled (Blocked files are not opened)" datatype="int" id="oval:org.cisecurity.benchmarks.microsoft_powerpoint_2013:var:1013" version="1"/>

		<external_variable comment="This variable is used in Rule Set ' Document Behavior if File Validation Fails' to Enabled (Open in Protected View (Unchecked))" datatype="int" id="oval:org.cisecurity.benchmarks.microsoft_powerpoint_2013:var:1014" version="1"/>

		<external_variable comment="This variable is used in Rule Set ' Document Behavior if File Validation Fails' to Enabled (Open in Protected View (Unchecked))" datatype="int" id="oval:org.cisecurity.benchmarks.microsoft_powerpoint_2013:var:1015" version="1"/>

		<external_variable comment="This variable is used in Rule Set 'Do not open from the Internet zone in Protected View' to Disabled" datatype="int" id="oval:org.cisecurity.benchmarks.microsoft_powerpoint_2013:var:1016" version="1"/>

		<external_variable comment="This variable is used in Rule Set 'Turn off Protected View for attachments opened from Outlook' to Disabled" datatype="int" id="oval:org.cisecurity.benchmarks.microsoft_powerpoint_2013:var:1017" version="1"/>

		<external_variable comment="This variable is used in Rule Set 'Do not open files in unsafe locations in Protected View' to Disabled" datatype="int" id="oval:org.cisecurity.benchmarks.microsoft_powerpoint_2013:var:1018" version="1"/>

		<external_variable comment="This variable is used in Rule Set 'Allow Trusted Locations on the network' to Disabled" datatype="int" id="oval:org.cisecurity.benchmarks.microsoft_powerpoint_2013:var:1019" version="1"/>

		<external_variable comment="This variable is used in Rule Set 'Disable all trusted locations' to Enabled" datatype="int" id="oval:org.cisecurity.benchmarks.microsoft_powerpoint_2013:var:1020" version="1"/>
	</variables>
</oval_definitions>