<?xml version="1.0" encoding="UTF-8" standalone="no"?><oval_definitions xmlns="http://oval.mitre.org/XMLSchema/oval-definitions-5" xmlns:oval="http://oval.mitre.org/XMLSchema/oval-common-5" xmlns:win="http://oval.mitre.org/XMLSchema/oval-definitions-5#windows" xmlns:xsi="http://www.w3.org/2001/XMLSchema-instance" xsi:schemaLocation="http://oval.mitre.org/XMLSchema/oval-definitions-5#windows http://oval.mitre.org/language/version5.11/ovaldefinition/complete/windows-definitions-schema.xsd http://oval.mitre.org/XMLSchema/oval-definitions-5 http://oval.mitre.org/language/version5.11/ovaldefinition/complete/oval-definitions-schema.xsd http://oval.mitre.org/XMLSchema/oval-common-5 http://oval.mitre.org/language/version5.11/ovaldefinition/complete/oval-common-schema.xsd">
	<generator>
		<oval:product_name>Center for Internet Security</oval:product_name>
		<oval:schema_version>5.11</oval:schema_version>
		<oval:timestamp>2015-08-04T14:56:21-04:00</oval:timestamp>
	</generator>
	<definitions>
		<definition class="inventory" id="oval:org.mitre.oval:def:15560" version="3">
			<metadata>
				<title>Microsoft Word 2013 is installed</title>
				<affected family="windows">
					<platform>Microsoft Windows 7</platform>
					<platform>Microsoft Windows 8</platform>
					<product>Microsoft Word 2013</product>
				</affected>
				<reference ref_id="cpe:/a:microsoft:word:2013" source="CPE"/>
				<description>The application Microsoft Word 2013 is installed.</description>
				<oval_repository>
					<dates>
						<submitted date="2012-07-27T14:06:52.767-04:00">
							<contributor organization="G2, Inc.">Shane Shaffer</contributor>
						</submitted>
						<status_change date="2012-07-27T17:26:33.566-04:00">DRAFT</status_change>
						<status_change date="2012-08-13T04:00:20.769-04:00">INTERIM</status_change>
						<status_change date="2012-09-03T04:00:11.350-04:00">ACCEPTED</status_change>
					</dates>
					<status>ACCEPTED</status>
				</oval_repository>
			</metadata>
			<criteria>
				<criterion comment="Microsoft Word 2013 is installed" test_ref="oval:org.mitre.oval:tst:79619"/>
			</criteria>
		</definition>
		
		<definition class="compliance" id="oval:org.cisecurity.benchmarks.microsoft_word_2013:def:1002" version="1">
			<metadata>
				<title>Set ' Hidden Text' as Enabled</title>
				<affected family="windows">
					<product>Microsoft Word 2013</product>
				</affected>
				<reference ref_id="xccdf_org.cisecurity.benchmarks_rule_1.1.1_Set__Hidden_Text_as_Enabled" ref_url="http://benchmarks.cisecurity.org" source="xccdf_org.cisecurity.benchmarks_benchmark_1.0.0_CIS_Microsoft_Word_2013_Benchmark"/>
				<description>Set ' Hidden Text' as Enabled</description>
			</metadata>
			<criteria operator="AND">
				<criterion test_ref="oval:org.cisecurity.benchmarks.microsoft_word_2013:tst:10001"/>
			</criteria>
		</definition>

		<definition class="compliance" id="oval:org.cisecurity.benchmarks.microsoft_word_2013:def:1003" version="1">
			<metadata>
				<title>Set 'Default File Format' to Enabled (Word Document (.docx))</title>
				<affected family="windows">
					<product>Microsoft Word 2013</product>
				</affected>
				<reference ref_id="xccdf_org.cisecurity.benchmarks_rule_1.1.2_Set_Default_File_Format_to_Enabled_Word_Document_.docx" ref_url="http://benchmarks.cisecurity.org" source="xccdf_org.cisecurity.benchmarks_benchmark_1.0.0_CIS_Microsoft_Word_2013_Benchmark"/>
				<description>Set 'Default File Format' to Enabled (Word Document (.docx))</description>
			</metadata>
			<criteria operator="AND">
				<criterion test_ref="oval:org.cisecurity.benchmarks.microsoft_word_2013:tst:10002"/>
			</criteria>
		</definition>

		<definition class="compliance" id="oval:org.cisecurity.benchmarks.microsoft_word_2013:def:1004" version="1">
			<metadata>
				<title>Set 'Make Hidden Markup Visible' to Enabled</title>
				<affected family="windows">
					<product>Microsoft Word 2013</product>
				</affected>
				<reference ref_id="xccdf_org.cisecurity.benchmarks_rule_1.1.3_Set_Make_Hidden_Markup_Visible_to_Enabled" ref_url="http://benchmarks.cisecurity.org" source="xccdf_org.cisecurity.benchmarks_benchmark_1.0.0_CIS_Microsoft_Word_2013_Benchmark"/>
				<description>Set 'Make Hidden Markup Visible' to Enabled</description>
			</metadata>
			<criteria operator="AND">
				<criterion test_ref="oval:org.cisecurity.benchmarks.microsoft_word_2013:tst:10003"/>
			</criteria>
		</definition>

		<definition class="compliance" id="oval:org.cisecurity.benchmarks.microsoft_word_2013:def:1005" version="1">
			<metadata>
				<title>Set 'Turn Off File Validation' to Enabled</title>
				<affected family="windows">
					<product>Microsoft Word 2013</product>
				</affected>
				<reference ref_id="xccdf_org.cisecurity.benchmarks_rule_1.1.4_Set_Turn_Off_File_Validation_to_Enabled" ref_url="http://benchmarks.cisecurity.org" source="xccdf_org.cisecurity.benchmarks_benchmark_1.0.0_CIS_Microsoft_Word_2013_Benchmark"/>
				<description>Set 'Turn Off File Validation' to Enabled</description>
			</metadata>
			<criteria operator="AND">
				<criterion test_ref="oval:org.cisecurity.benchmarks.microsoft_word_2013:tst:10004"/>
			</criteria>
		</definition>

		<definition class="compliance" id="oval:org.cisecurity.benchmarks.microsoft_word_2013:def:1006" version="1">
			<metadata>
				<title>Set 'Warn Before Printing, Saving or Sending a File That Contains Tracked Changes or Comments' to Enabled</title>
				<affected family="windows">
					<product>Microsoft Word 2013</product>
				</affected>
				<reference ref_id="xccdf_org.cisecurity.benchmarks_rule_1.1.5_Set_Warn_Before_Printing_Saving_or_Sending_a_File_That_Contains_Tracked_Changes_or_Comments_to_Enabled" ref_url="http://benchmarks.cisecurity.org" source="xccdf_org.cisecurity.benchmarks_benchmark_1.0.0_CIS_Microsoft_Word_2013_Benchmark"/>
				<description>Set 'Warn Before Printing, Saving or Sending a File That Contains Tracked Changes or Comments' to Enabled</description>
			</metadata>
			<criteria operator="AND">
				<criterion test_ref="oval:org.cisecurity.benchmarks.microsoft_word_2013:tst:10005"/>
			</criteria>
		</definition>

		<definition class="compliance" id="oval:org.cisecurity.benchmarks.microsoft_word_2013:def:1007" version="1">
			<metadata>
				<title>Set 'VBA Macro Notification Settings' to Enabled (Disable all Except Digitally Signed)</title>
				<affected family="windows">
					<product>Microsoft Word 2013</product>
				</affected>
				<reference ref_id="xccdf_org.cisecurity.benchmarks_rule_1.1.6_Set_VBA_Macro_Notification_Settings_to_Enabled_Disable_all_Except_Digitally_Signed" ref_url="http://benchmarks.cisecurity.org" source="xccdf_org.cisecurity.benchmarks_benchmark_1.0.0_CIS_Microsoft_Word_2013_Benchmark"/>
				<description>Set 'VBA Macro Notification Settings' to Enabled (Disable all Except Digitally Signed)</description>
			</metadata>
			<criteria operator="AND">
				<criterion test_ref="oval:org.cisecurity.benchmarks.microsoft_word_2013:tst:10006"/>
			</criteria>
		</definition>

		<definition class="compliance" id="oval:org.cisecurity.benchmarks.microsoft_word_2013:def:1008" version="1">
			<metadata>
				<title>Set 'Scan Encrypted Macros in Word Open XML Documents' to Enabled</title>
				<affected family="windows">
					<product>Microsoft Word 2013</product>
				</affected>
				<reference ref_id="xccdf_org.cisecurity.benchmarks_rule_1.1.7_Set_Scan_Encrypted_Macros_in_Word_Open_XML_Documents_to_Enabled" ref_url="http://benchmarks.cisecurity.org" source="xccdf_org.cisecurity.benchmarks_benchmark_1.0.0_CIS_Microsoft_Word_2013_Benchmark"/>
				<description>Set 'Scan Encrypted Macros in Word Open XML Documents' to Enabled</description>
			</metadata>
			<criteria operator="AND">
				<criterion test_ref="oval:org.cisecurity.benchmarks.microsoft_word_2013:tst:10007"/>
			</criteria>
		</definition>

		<definition class="compliance" id="oval:org.cisecurity.benchmarks.microsoft_word_2013:def:1009" version="1">
			<metadata>
				<title>Set 'Require That Application Add-ins Are Signed By Trusted Publisher' to Enabled</title>
				<affected family="windows">
					<product>Microsoft Word 2013</product>
				</affected>
				<reference ref_id="xccdf_org.cisecurity.benchmarks_rule_1.1.8_Set_Require_That_Application_Add-ins_Are_Signed_By_Trusted_Publisher_to_Enabled" ref_url="http://benchmarks.cisecurity.org" source="xccdf_org.cisecurity.benchmarks_benchmark_1.0.0_CIS_Microsoft_Word_2013_Benchmark"/>
				<description>Set 'Require That Application Add-ins Are Signed By Trusted Publisher' to Enabled</description>
			</metadata>
			<criteria operator="AND">
				<criterion test_ref="oval:org.cisecurity.benchmarks.microsoft_word_2013:tst:10008"/>
			</criteria>
		</definition>

		<definition class="compliance" id="oval:org.cisecurity.benchmarks.microsoft_word_2013:def:1010" version="1">
			<metadata>
				<title>Set 'Trust Access to Visual Basic Project' to Disabled</title>
				<affected family="windows">
					<product>Microsoft Word 2013</product>
				</affected>
				<reference ref_id="xccdf_org.cisecurity.benchmarks_rule_1.1.9_Set_Trust_Access_to_Visual_Basic_Project_to_Disabled" ref_url="http://benchmarks.cisecurity.org" source="xccdf_org.cisecurity.benchmarks_benchmark_1.0.0_CIS_Microsoft_Word_2013_Benchmark"/>
				<description>Set 'Trust Access to Visual Basic Project' to Disabled</description>
			</metadata>
			<criteria operator="AND">
				<criterion test_ref="oval:org.cisecurity.benchmarks.microsoft_word_2013:tst:10009"/>
			</criteria>
		</definition>

		<definition class="compliance" id="oval:org.cisecurity.benchmarks.microsoft_word_2013:def:1011" version="1">
			<metadata>
				<title>Set 'Disable Trust Bar Notification for Unsigned Application Add-ins and Block Them' to Enable</title>
				<affected family="windows">
					<product>Microsoft Word 2013</product>
				</affected>
				<reference ref_id="xccdf_org.cisecurity.benchmarks_rule_1.1.10_Set_Disable_Trust_Bar_Notification_for_Unsigned_Application_Add-ins_and_Block_Them_to_Enable" ref_url="http://benchmarks.cisecurity.org" source="xccdf_org.cisecurity.benchmarks_benchmark_1.0.0_CIS_Microsoft_Word_2013_Benchmark"/>
				<description>Set 'Disable Trust Bar Notification for Unsigned Application Add-ins and Block Them' to Enable</description>
			</metadata>
			<criteria operator="AND">
				<criterion test_ref="oval:org.cisecurity.benchmarks.microsoft_word_2013:tst:10010"/>
			</criteria>
		</definition>

		<definition class="compliance" id="oval:org.cisecurity.benchmarks.microsoft_word_2013:def:1012" version="1">
			<metadata>
				<title>Set 'Default File Block Behavior' to Enabled (Blocked files are not opened)</title>
				<affected family="windows">
					<product>Microsoft Word 2013</product>
				</affected>
				<reference ref_id="xccdf_org.cisecurity.benchmarks_rule_1.1.11_Set_Default_File_Block_Behavior_to_Enabled_Blocked_files_are_not_opened" ref_url="http://benchmarks.cisecurity.org" source="xccdf_org.cisecurity.benchmarks_benchmark_1.0.0_CIS_Microsoft_Word_2013_Benchmark"/>
				<description>Set 'Default File Block Behavior' to Enabled (Blocked files are not opened)</description>
			</metadata>
			<criteria operator="AND">
				<criterion test_ref="oval:org.cisecurity.benchmarks.microsoft_word_2013:tst:10011"/>
			</criteria>
		</definition>

		<definition class="compliance" id="oval:org.cisecurity.benchmarks.microsoft_word_2013:def:1013" version="1">
			<metadata>
				<title>Set 'Word 6.0 Binary Documents and Templates' to Enabled (Open/Save blocked, use open policy)</title>
				<affected family="windows">
					<product>Microsoft Word 2013</product>
				</affected>
				<reference ref_id="xccdf_org.cisecurity.benchmarks_rule_1.1.12_Set_Word_6.0_Binary_Documents_and_Templates_to_Enabled_OpenSave_blocked_use_open_policy" ref_url="http://benchmarks.cisecurity.org" source="xccdf_org.cisecurity.benchmarks_benchmark_1.0.0_CIS_Microsoft_Word_2013_Benchmark"/>
				<description>Set 'Word 6.0 Binary Documents and Templates' to Enabled (Open/Save blocked, use open policy)</description>
			</metadata>
			<criteria operator="AND">
				<criterion test_ref="oval:org.cisecurity.benchmarks.microsoft_word_2013:tst:10012"/>
			</criteria>
		</definition>

		<definition class="compliance" id="oval:org.cisecurity.benchmarks.microsoft_word_2013:def:1014" version="1">
			<metadata>
				<title>Set 'Word 95 Binary Documents and Templates' to Enabled (Open/Save Blocked, Use Open Policy)</title>
				<affected family="windows">
					<product>Microsoft Word 2013</product>
				</affected>
				<reference ref_id="xccdf_org.cisecurity.benchmarks_rule_1.1.13_Set_Word_95_Binary_Documents_and_Templates_to_Enabled_OpenSave_Blocked_Use_Open_Policy" ref_url="http://benchmarks.cisecurity.org" source="xccdf_org.cisecurity.benchmarks_benchmark_1.0.0_CIS_Microsoft_Word_2013_Benchmark"/>
				<description>Set 'Word 95 Binary Documents and Templates' to Enabled (Open/Save Blocked, Use Open Policy)</description>
			</metadata>
			<criteria operator="AND">
				<criterion test_ref="oval:org.cisecurity.benchmarks.microsoft_word_2013:tst:10013"/>
			</criteria>
		</definition>

		<definition class="compliance" id="oval:org.cisecurity.benchmarks.microsoft_word_2013:def:1015" version="1">
			<metadata>
				<title>Set 'Word 97 Binary Documents and Templates' to Enabled (Open/Save Blocked, Use Open Policy)</title>
				<affected family="windows">
					<product>Microsoft Word 2013</product>
				</affected>
				<reference ref_id="xccdf_org.cisecurity.benchmarks_rule_1.1.14_Set_Word_97_Binary_Documents_and_Templates_to_Enabled_OpenSave_Blocked_Use_Open_Policy" ref_url="http://benchmarks.cisecurity.org" source="xccdf_org.cisecurity.benchmarks_benchmark_1.0.0_CIS_Microsoft_Word_2013_Benchmark"/>
				<description>Set 'Word 97 Binary Documents and Templates' to Enabled (Open/Save Blocked, Use Open Policy)</description>
			</metadata>
			<criteria operator="AND">
				<criterion test_ref="oval:org.cisecurity.benchmarks.microsoft_word_2013:tst:10014"/>
			</criteria>
		</definition>

		<definition class="compliance" id="oval:org.cisecurity.benchmarks.microsoft_word_2013:def:1016" version="1">
			<metadata>
				<title>Set 'Word 2 and Earlier Binary Documents and Templates' to Enabled (Open/Save blocked, use open policy)</title>
				<affected family="windows">
					<product>Microsoft Word 2013</product>
				</affected>
				<reference ref_id="xccdf_org.cisecurity.benchmarks_rule_1.1.15_Set_Word_2_and_Earlier_Binary_Documents_and_Templates_to_Enabled_OpenSave_blocked_use_open_policy" ref_url="http://benchmarks.cisecurity.org" source="xccdf_org.cisecurity.benchmarks_benchmark_1.0.0_CIS_Microsoft_Word_2013_Benchmark"/>
				<description>Set 'Word 2 and Earlier Binary Documents and Templates' to Enabled (Open/Save blocked, use open policy)</description>
			</metadata>
			<criteria operator="AND">
				<criterion test_ref="oval:org.cisecurity.benchmarks.microsoft_word_2013:tst:10015"/>
			</criteria>
		</definition>

		<definition class="compliance" id="oval:org.cisecurity.benchmarks.microsoft_word_2013:def:1017" version="1">
			<metadata>
				<title>Set 'Turn Off Protected View for Attachments Opened From Outlook' to Disabled</title>
				<affected family="windows">
					<product>Microsoft Word 2013</product>
				</affected>
				<reference ref_id="xccdf_org.cisecurity.benchmarks_rule_1.1.16_Set_Turn_Off_Protected_View_for_Attachments_Opened_From_Outlook_to_Disabled" ref_url="http://benchmarks.cisecurity.org" source="xccdf_org.cisecurity.benchmarks_benchmark_1.0.0_CIS_Microsoft_Word_2013_Benchmark"/>
				<description>Set 'Turn Off Protected View for Attachments Opened From Outlook' to Disabled</description>
			</metadata>
			<criteria operator="AND">
				<criterion test_ref="oval:org.cisecurity.benchmarks.microsoft_word_2013:tst:10016"/>
			</criteria>
		</definition>

		<definition class="compliance" id="oval:org.cisecurity.benchmarks.microsoft_word_2013:def:1018" version="1">
			<metadata>
				<title>Set 'Document Behavior if File Validation Fails' to Enabled (Open in Protected View) Unchecked for "Do not allow edit"</title>
				<affected family="windows">
					<product>Microsoft Word 2013</product>
				</affected>
				<reference ref_id="xccdf_org.cisecurity.benchmarks_rule_1.1.17_Set_Document_Behavior_if_File_Validation_Fails_to_Enabled_Open_in_Protected_View_Unchecked_for_Do_not_allow_edit" ref_url="http://benchmarks.cisecurity.org" source="xccdf_org.cisecurity.benchmarks_benchmark_1.0.0_CIS_Microsoft_Word_2013_Benchmark"/>
				<description>Set 'Document Behavior if File Validation Fails' to Enabled (Open in Protected View) Unchecked for "Do not allow edit"</description>
			</metadata>
			<criteria operator="AND">
				<criterion test_ref="oval:org.cisecurity.benchmarks.microsoft_word_2013:tst:10017"/>
			</criteria>
		</definition>

		<definition class="compliance" id="oval:org.cisecurity.benchmarks.microsoft_word_2013:def:1019" version="1">
			<metadata>
				<title>Set 'Do Not Open Files in Unsafe Locations in Protected View' to Disabled</title>
				<affected family="windows">
					<product>Microsoft Word 2013</product>
				</affected>
				<reference ref_id="xccdf_org.cisecurity.benchmarks_rule_1.1.18_Set_Do_Not_Open_Files_in_Unsafe_Locations_in_Protected_View_to_Disabled" ref_url="http://benchmarks.cisecurity.org" source="xccdf_org.cisecurity.benchmarks_benchmark_1.0.0_CIS_Microsoft_Word_2013_Benchmark"/>
				<description>Set 'Do Not Open Files in Unsafe Locations in Protected View' to Disabled</description>
			</metadata>
			<criteria operator="AND">
				<criterion test_ref="oval:org.cisecurity.benchmarks.microsoft_word_2013:tst:10018"/>
			</criteria>
		</definition>

		<definition class="compliance" id="oval:org.cisecurity.benchmarks.microsoft_word_2013:def:1020" version="1">
			<metadata>
				<title>Set 'Do Not Open Files From The Internet Zone in Protected View' to Disabled</title>
				<affected family="windows">
					<product>Microsoft Word 2013</product>
				</affected>
				<reference ref_id="xccdf_org.cisecurity.benchmarks_rule_1.1.19_Set_Do_Not_Open_Files_From_The_Internet_Zone_in_Protected_View_to_Disabled" ref_url="http://benchmarks.cisecurity.org" source="xccdf_org.cisecurity.benchmarks_benchmark_1.0.0_CIS_Microsoft_Word_2013_Benchmark"/>
				<description>Set 'Do Not Open Files From The Internet Zone in Protected View' to Disabled</description>
			</metadata>
			<criteria operator="AND">
				<criterion test_ref="oval:org.cisecurity.benchmarks.microsoft_word_2013:tst:10019"/>
			</criteria>
		</definition>

		<definition class="compliance" id="oval:org.cisecurity.benchmarks.microsoft_word_2013:def:1021" version="1">
			<metadata>
				<title>Set 'Allow Trusted Locations on the Network' to Disabled</title>
				<affected family="windows">
					<product>Microsoft Word 2013</product>
				</affected>
				<reference ref_id="xccdf_org.cisecurity.benchmarks_rule_1.1.20_Set_Allow_Trusted_Locations_on_the_Network_to_Disabled" ref_url="http://benchmarks.cisecurity.org" source="xccdf_org.cisecurity.benchmarks_benchmark_1.0.0_CIS_Microsoft_Word_2013_Benchmark"/>
				<description>Set 'Allow Trusted Locations on the Network' to Disabled</description>
			</metadata>
			<criteria operator="AND">
				<criterion test_ref="oval:org.cisecurity.benchmarks.microsoft_word_2013:tst:10020"/>
			</criteria>
		</definition>

		<definition class="compliance" id="oval:org.cisecurity.benchmarks.microsoft_word_2013:def:1022" version="1">
			<metadata>
				<title>Set 'Disable All Trusted Locations' to Enabled</title>
				<affected family="windows">
					<product>Microsoft Word 2013</product>
				</affected>
				<reference ref_id="xccdf_org.cisecurity.benchmarks_rule_1.1.21_Set_Disable_All_Trusted_Locations_to_Enabled" ref_url="http://benchmarks.cisecurity.org" source="xccdf_org.cisecurity.benchmarks_benchmark_1.0.0_CIS_Microsoft_Word_2013_Benchmark"/>
				<description>Set 'Disable All Trusted Locations' to Enabled</description>
			</metadata>
			<criteria operator="AND">
				<criterion test_ref="oval:org.cisecurity.benchmarks.microsoft_word_2013:tst:10021"/>
			</criteria>
		</definition>

		<definition class="compliance" id="oval:org.cisecurity.benchmarks.microsoft_word_2013:def:1023" version="1">
			<metadata>
				<title>Set 'Update Automatic Links at Open' to Disabled</title>
				<affected family="windows">
					<product>Microsoft Word 2013</product>
				</affected>
				<reference ref_id="xccdf_org.cisecurity.benchmarks_rule_1.1.22_Set_Update_Automatic_Links_at_Open_to_Disabled" ref_url="http://benchmarks.cisecurity.org" source="xccdf_org.cisecurity.benchmarks_benchmark_1.0.0_CIS_Microsoft_Word_2013_Benchmark"/>
				<description>Set 'Update Automatic Links at Open' to Disabled</description>
			</metadata>
			<criteria operator="AND">
				<criterion test_ref="oval:org.cisecurity.benchmarks.microsoft_word_2013:tst:10022"/>
			</criteria>
		</definition>

		<definition class="compliance" id="oval:org.cisecurity.benchmarks.microsoft_word_2013:def:1024" version="1">
			<metadata>
				<title>Set 'Custom Markup Warning' to Enabled</title>
				<affected family="windows">
					<product>Microsoft Word 2013</product>
				</affected>
				<reference ref_id="xccdf_org.cisecurity.benchmarks_rule_1.1.23_Set_Custom_Markup_Warning_to_Enabled" ref_url="http://benchmarks.cisecurity.org" source="xccdf_org.cisecurity.benchmarks_benchmark_1.0.0_CIS_Microsoft_Word_2013_Benchmark"/>
				<description>Set 'Custom Markup Warning' to Enabled</description>
			</metadata>
			<criteria operator="AND">
				<criterion test_ref="oval:org.cisecurity.benchmarks.microsoft_word_2013:tst:10023"/>
			</criteria>
		</definition>

		<definition class="compliance" id="oval:org.cisecurity.benchmarks.microsoft_word_2013:def:1025" version="1">
			<metadata>
				<title>Set 'Use Online Translation Dictionaries' to Disabled</title>
				<affected family="windows">
					<product>Microsoft Word 2013</product>
				</affected>
				<reference ref_id="xccdf_org.cisecurity.benchmarks_rule_1.2.1_Set_Use_Online_Translation_Dictionaries_to_Disabled" ref_url="http://benchmarks.cisecurity.org" source="xccdf_org.cisecurity.benchmarks_benchmark_1.0.0_CIS_Microsoft_Word_2013_Benchmark"/>
				<description>Set 'Use Online Translation Dictionaries' to Disabled</description>
			</metadata>
			<criteria operator="AND">
				<criterion test_ref="oval:org.cisecurity.benchmarks.microsoft_word_2013:tst:10024"/>
			</criteria>
		</definition>
	</definitions>
	<tests>
		<registry_test xmlns="http://oval.mitre.org/XMLSchema/oval-definitions-5#windows" check="at least one" check_existence="at_least_one_exists" comment="Microsoft Word 2013 is installed" id="oval:org.mitre.oval:tst:79619" version="1">
			<object object_ref="oval:org.mitre.oval:obj:23844"/>
		</registry_test>
		
		<win:registry_test check="all" check_existence="all_exist" comment="Ensure 'showhiddentext' is equals to '1'" id="oval:org.cisecurity.benchmarks.microsoft_word_2013:tst:10001" version="1">
			<win:object object_ref="oval:org.cisecurity.benchmarks.microsoft_word_2013:obj:10001"/>
			<win:state state_ref="oval:org.cisecurity.benchmarks.microsoft_word_2013:ste:10001"/>
		</win:registry_test>

		<win:registry_test check="all" check_existence="all_exist" comment="Ensure 'defaultformat' is pattern match to '^\s+$'" id="oval:org.cisecurity.benchmarks.microsoft_word_2013:tst:10002" version="1">
			<win:object object_ref="oval:org.cisecurity.benchmarks.microsoft_word_2013:obj:10002"/>
			<win:state state_ref="oval:org.cisecurity.benchmarks.microsoft_word_2013:ste:10002"/>
		</win:registry_test>

		<win:registry_test check="all" check_existence="all_exist" comment="Ensure 'showmarkupopensave' is equals to '1'" id="oval:org.cisecurity.benchmarks.microsoft_word_2013:tst:10003" version="1">
			<win:object object_ref="oval:org.cisecurity.benchmarks.microsoft_word_2013:obj:10003"/>
			<win:state state_ref="oval:org.cisecurity.benchmarks.microsoft_word_2013:ste:10003"/>
		</win:registry_test>

		<win:registry_test check="all" check_existence="all_exist" comment="Ensure 'enableonload' is equals to '0'" id="oval:org.cisecurity.benchmarks.microsoft_word_2013:tst:10004" version="1">
			<win:object object_ref="oval:org.cisecurity.benchmarks.microsoft_word_2013:obj:10004"/>
			<win:state state_ref="oval:org.cisecurity.benchmarks.microsoft_word_2013:ste:10004"/>
		</win:registry_test>

		<win:registry_test check="all" check_existence="all_exist" comment="Ensure 'warnrevisions' is equals to '1'" id="oval:org.cisecurity.benchmarks.microsoft_word_2013:tst:10005" version="1">
			<win:object object_ref="oval:org.cisecurity.benchmarks.microsoft_word_2013:obj:10005"/>
			<win:state state_ref="oval:org.cisecurity.benchmarks.microsoft_word_2013:ste:10005"/>
		</win:registry_test>

		<win:registry_test check="all" check_existence="all_exist" comment="Ensure 'vbawarnings' is equals to '2'" id="oval:org.cisecurity.benchmarks.microsoft_word_2013:tst:10006" version="1">
			<win:object object_ref="oval:org.cisecurity.benchmarks.microsoft_word_2013:obj:10006"/>
			<win:state state_ref="oval:org.cisecurity.benchmarks.microsoft_word_2013:ste:10006"/>
		</win:registry_test>

		<win:registry_test check="all" check_existence="all_exist" comment="Ensure 'wordbypassencryptedmacroscan' is equals to '0'" id="oval:org.cisecurity.benchmarks.microsoft_word_2013:tst:10007" version="1">
			<win:object object_ref="oval:org.cisecurity.benchmarks.microsoft_word_2013:obj:10007"/>
			<win:state state_ref="oval:org.cisecurity.benchmarks.microsoft_word_2013:ste:10007"/>
		</win:registry_test>

		<win:registry_test check="all" check_existence="all_exist" comment="Ensure 'requireaddinsig' is equals to '1'" id="oval:org.cisecurity.benchmarks.microsoft_word_2013:tst:10008" version="1">
			<win:object object_ref="oval:org.cisecurity.benchmarks.microsoft_word_2013:obj:10008"/>
			<win:state state_ref="oval:org.cisecurity.benchmarks.microsoft_word_2013:ste:10008"/>
		</win:registry_test>

		<win:registry_test check="all" check_existence="at_least_one_exists" comment="Ensure 'accessvbom' is equals to '0'" id="oval:org.cisecurity.benchmarks.microsoft_word_2013:tst:10009" version="1">
			<win:object object_ref="oval:org.cisecurity.benchmarks.microsoft_word_2013:obj:10009"/>
			<win:state state_ref="oval:org.cisecurity.benchmarks.microsoft_word_2013:ste:10009"/>
		</win:registry_test>

		<win:registry_test check="all" check_existence="all_exist" comment="Ensure 'notbpromptunsignedaddin' is equals to '1'" id="oval:org.cisecurity.benchmarks.microsoft_word_2013:tst:10010" version="1">
			<win:object object_ref="oval:org.cisecurity.benchmarks.microsoft_word_2013:obj:10010"/>
			<win:state state_ref="oval:org.cisecurity.benchmarks.microsoft_word_2013:ste:10010"/>
		</win:registry_test>

		<win:registry_test check="all" check_existence="all_exist" comment="Ensure 'openinprotectedview' is equals to '0'" id="oval:org.cisecurity.benchmarks.microsoft_word_2013:tst:10011" version="1">
			<win:object object_ref="oval:org.cisecurity.benchmarks.microsoft_word_2013:obj:10011"/>
			<win:state state_ref="oval:org.cisecurity.benchmarks.microsoft_word_2013:ste:10011"/>
		</win:registry_test>

		<win:registry_test check="all" check_existence="at_least_one_exists" comment="Ensure 'word60files' is equals to '2'" id="oval:org.cisecurity.benchmarks.microsoft_word_2013:tst:10012" version="1">
			<win:object object_ref="oval:org.cisecurity.benchmarks.microsoft_word_2013:obj:10012"/>
			<win:state state_ref="oval:org.cisecurity.benchmarks.microsoft_word_2013:ste:10012"/>
		</win:registry_test>

		<win:registry_test check="all" check_existence="all_exist" comment="Ensure 'word95files' is equals to '2'" id="oval:org.cisecurity.benchmarks.microsoft_word_2013:tst:10013" version="1">
			<win:object object_ref="oval:org.cisecurity.benchmarks.microsoft_word_2013:obj:10013"/>
			<win:state state_ref="oval:org.cisecurity.benchmarks.microsoft_word_2013:ste:10013"/>
		</win:registry_test>

		<win:registry_test check="all" check_existence="all_exist" comment="Ensure 'word97files' is equals to '2'" id="oval:org.cisecurity.benchmarks.microsoft_word_2013:tst:10014" version="1">
			<win:object object_ref="oval:org.cisecurity.benchmarks.microsoft_word_2013:obj:10014"/>
			<win:state state_ref="oval:org.cisecurity.benchmarks.microsoft_word_2013:ste:10014"/>
		</win:registry_test>

		<win:registry_test check="all" check_existence="all_exist" comment="Ensure 'word2files' is equals to '2'" id="oval:org.cisecurity.benchmarks.microsoft_word_2013:tst:10015" version="1">
			<win:object object_ref="oval:org.cisecurity.benchmarks.microsoft_word_2013:obj:10015"/>
			<win:state state_ref="oval:org.cisecurity.benchmarks.microsoft_word_2013:ste:10015"/>
		</win:registry_test>

		<win:registry_test check="all" check_existence="all_exist" comment="Ensure 'disableattachmentsinpv' is equals to '0'" id="oval:org.cisecurity.benchmarks.microsoft_word_2013:tst:10016" version="1">
			<win:object object_ref="oval:org.cisecurity.benchmarks.microsoft_word_2013:obj:10016"/>
			<win:state state_ref="oval:org.cisecurity.benchmarks.microsoft_word_2013:ste:10016"/>
		</win:registry_test>

		<win:registry_test check="all" check_existence="all_exist" comment="Ensure 'disableeditfrompv' is equals to '1'" id="oval:org.cisecurity.benchmarks.microsoft_word_2013:tst:10017" version="1">
			<win:object object_ref="oval:org.cisecurity.benchmarks.microsoft_word_2013:obj:10017"/>
			<win:state state_ref="oval:org.cisecurity.benchmarks.microsoft_word_2013:ste:10017"/>
		</win:registry_test>

		<win:registry_test check="all" check_existence="all_exist" comment="Ensure 'disableunsafelocationsinpv' is equals to '0'" id="oval:org.cisecurity.benchmarks.microsoft_word_2013:tst:10018" version="1">
			<win:object object_ref="oval:org.cisecurity.benchmarks.microsoft_word_2013:obj:10018"/>
			<win:state state_ref="oval:org.cisecurity.benchmarks.microsoft_word_2013:ste:10018"/>
		</win:registry_test>

		<win:registry_test check="all" check_existence="all_exist" comment="Ensure 'disableinternetfilesinpv' is equals to '0'" id="oval:org.cisecurity.benchmarks.microsoft_word_2013:tst:10019" version="1">
			<win:object object_ref="oval:org.cisecurity.benchmarks.microsoft_word_2013:obj:10019"/>
			<win:state state_ref="oval:org.cisecurity.benchmarks.microsoft_word_2013:ste:10019"/>
		</win:registry_test>

		<win:registry_test check="all" check_existence="all_exist" comment="Ensure 'allownetworklocations' is equals to '0'" id="oval:org.cisecurity.benchmarks.microsoft_word_2013:tst:10020" version="1">
			<win:object object_ref="oval:org.cisecurity.benchmarks.microsoft_word_2013:obj:10020"/>
			<win:state state_ref="oval:org.cisecurity.benchmarks.microsoft_word_2013:ste:10020"/>
		</win:registry_test>

		<win:registry_test check="all" check_existence="all_exist" comment="Ensure 'alllocationsdisabled' is equals to '1'" id="oval:org.cisecurity.benchmarks.microsoft_word_2013:tst:10021" version="1">
			<win:object object_ref="oval:org.cisecurity.benchmarks.microsoft_word_2013:obj:10021"/>
			<win:state state_ref="oval:org.cisecurity.benchmarks.microsoft_word_2013:ste:10021"/>
		</win:registry_test>

		<win:registry_test check="all" check_existence="all_exist" comment="Ensure 'dontupdatelinks' is equals to '1'" id="oval:org.cisecurity.benchmarks.microsoft_word_2013:tst:10022" version="1">
			<win:object object_ref="oval:org.cisecurity.benchmarks.microsoft_word_2013:obj:10022"/>
			<win:state state_ref="oval:org.cisecurity.benchmarks.microsoft_word_2013:ste:10022"/>
		</win:registry_test>

		<win:registry_test check="all" check_existence="all_exist" comment="Ensure 'custommarkupwarning' is equals to '1'" id="oval:org.cisecurity.benchmarks.microsoft_word_2013:tst:10023" version="1">
			<win:object object_ref="oval:org.cisecurity.benchmarks.microsoft_word_2013:obj:10023"/>
			<win:state state_ref="oval:org.cisecurity.benchmarks.microsoft_word_2013:ste:10023"/>
		</win:registry_test>

		<win:registry_test check="all" check_existence="all_exist" comment="Ensure 'useonline' is equals to '0'" id="oval:org.cisecurity.benchmarks.microsoft_word_2013:tst:10024" version="1">
			<win:object object_ref="oval:org.cisecurity.benchmarks.microsoft_word_2013:obj:10024"/>
			<win:state state_ref="oval:org.cisecurity.benchmarks.microsoft_word_2013:ste:10024"/>
		</win:registry_test>
	</tests>
	<objects>
		<registry_object xmlns="http://oval.mitre.org/XMLSchema/oval-definitions-5#windows" comment="Word 2013 install path" id="oval:org.mitre.oval:obj:23844" version="1">
			<set xmlns="http://oval.mitre.org/XMLSchema/oval-definitions-5">
				<object_reference>oval:org.mitre.oval:obj:23979</object_reference>
				<object_reference>oval:org.mitre.oval:obj:24010</object_reference>
			</set>
		</registry_object>
		
		<registry_object xmlns="http://oval.mitre.org/XMLSchema/oval-definitions-5#windows" comment="32 bit Word 2013 install path" id="oval:org.mitre.oval:obj:23979" version="1">
			<behaviors windows_view="32_bit"/>
			<hive>HKEY_LOCAL_MACHINE</hive>
			<key>SOFTWARE\Microsoft\Office\15.0\Word\InstallRoot</key>
			<name>Path</name>
		</registry_object>
		<registry_object xmlns="http://oval.mitre.org/XMLSchema/oval-definitions-5#windows" comment="Native Word 2013 install path" id="oval:org.mitre.oval:obj:24010" version="1">
			<hive>HKEY_LOCAL_MACHINE</hive>
			<key>SOFTWARE\Microsoft\Office\15.0\Word\InstallRoot</key>
			<name>Path</name>
		</registry_object>
		
		<win:registry_object comment="Ensure 'showhiddentext' is equals to '1'" id="oval:org.cisecurity.benchmarks.microsoft_word_2013:obj:10001" version="1">
			<win:hive>HKEY_USERS</win:hive>
			<win:key operation="pattern match">^S-1-5-21-[0-9]+-[0-9]+-[0-9]+-[0-9]{4,}\\[Ss]oftware\\[Pp]olicies\\[Mm]icrosoft\\[Oo]ffice\\15.0\\[Ww]ord\\[Oo]ptions</win:key>
			<win:name>showhiddentext</win:name>
		</win:registry_object>

		<win:registry_object comment="Ensure 'defaultformat' is pattern match to '^\s+$'" id="oval:org.cisecurity.benchmarks.microsoft_word_2013:obj:10002" version="1">
			<win:hive>HKEY_USERS</win:hive>
			<win:key operation="pattern match">^S-1-5-21-[0-9]+-[0-9]+-[0-9]+-[0-9]{4,}\\[Ss]oftware\\[Pp]olicies\\[Mm]icrosoft\\[Oo]ffice\\15.0\\[Ww]ord\\[Oo]ptions</win:key>
			<win:name>defaultformat</win:name>
		</win:registry_object>

		<win:registry_object comment="Ensure 'showmarkupopensave' is equals to '1'" id="oval:org.cisecurity.benchmarks.microsoft_word_2013:obj:10003" version="1">
			<win:hive>HKEY_USERS</win:hive>
			<win:key operation="pattern match">^S-1-5-21-[0-9]+-[0-9]+-[0-9]+-[0-9]{4,}\\[Ss]oftware\\[Pp]olicies\\[Mm]icrosoft\\[Oo]ffice\\15.0\\[Ww]ord\\[Oo]ptions</win:key>
			<win:name>showmarkupopensave</win:name>
		</win:registry_object>

		<win:registry_object comment="Ensure 'enableonload' is equals to '0'" id="oval:org.cisecurity.benchmarks.microsoft_word_2013:obj:10004" version="1">
			<win:hive>HKEY_USERS</win:hive>
			<win:key operation="pattern match">^S-1-5-21-[0-9]+-[0-9]+-[0-9]+-[0-9]{4,}\\[Ss]oftware\\[Pp]olicies\\[Mm]icrosoft\\[Oo]ffice\\15.0\\[Ww]ord\\[Ss]ecurity\\[Ff]ilevalidation</win:key>
			<win:name>enableonload</win:name>
		</win:registry_object>

		<win:registry_object comment="Ensure 'warnrevisions' is equals to '1'" id="oval:org.cisecurity.benchmarks.microsoft_word_2013:obj:10005" version="1">
			<win:hive>HKEY_USERS</win:hive>
			<win:key operation="pattern match">^S-1-5-21-[0-9]+-[0-9]+-[0-9]+-[0-9]{4,}\\[Ss]oftware\\[Pp]olicies\\[Mm]icrosoft\\[Oo]ffice\\15.0\\[Ww]ord\\[Oo]ptions</win:key>
			<win:name>warnrevisions</win:name>
		</win:registry_object>

		<win:registry_object comment="Ensure 'vbawarnings' is equals to '2'" id="oval:org.cisecurity.benchmarks.microsoft_word_2013:obj:10006" version="1">
			<win:hive>HKEY_USERS</win:hive>
			<win:key operation="pattern match">^S-1-5-21-[0-9]+-[0-9]+-[0-9]+-[0-9]{4,}\\[Ss]oftware\\[Pp]olicies\\[Mm]icrosoft\\[Oo]ffice\\15.0\\[Ww]ord\\[Ss]ecurity</win:key>
			<win:name>vbawarnings</win:name>
		</win:registry_object>

		<win:registry_object comment="Ensure 'wordbypassencryptedmacroscan' is equals to '0'" id="oval:org.cisecurity.benchmarks.microsoft_word_2013:obj:10007" version="1">
			<win:hive>HKEY_USERS</win:hive>
			<win:key operation="pattern match">^S-1-5-21-[0-9]+-[0-9]+-[0-9]+-[0-9]{4,}\\[Ss]oftware\\[Pp]olicies\\[Mm]icrosoft\\[Oo]ffice\\15.0\\[Ww]ord\\[Ss]ecurity</win:key>
			<win:name>wordbypassencryptedmacroscan</win:name>
		</win:registry_object>

		<win:registry_object comment="Ensure 'requireaddinsig' is equals to '1'" id="oval:org.cisecurity.benchmarks.microsoft_word_2013:obj:10008" version="1">
			<win:hive>HKEY_USERS</win:hive>
			<win:key operation="pattern match">^S-1-5-21-[0-9]+-[0-9]+-[0-9]+-[0-9]{4,}\\[Ss]oftware\\[Pp]olicies\\[Mm]icrosoft\\[Oo]ffice\\15.0\\[Ww]ord\\[Ss]ecurity</win:key>
			<win:name>requireaddinsig</win:name>
		</win:registry_object>

		<win:registry_object comment="Ensure 'accessvbom' is equals to '0'" id="oval:org.cisecurity.benchmarks.microsoft_word_2013:obj:10009" version="1">
			<win:hive>HKEY_USERS</win:hive>
			<win:key operation="pattern match">^S-1-5-21-[0-9]+-[0-9]+-[0-9]+-[0-9]{4,}\\[Ss]oftware\\[Pp]olicies\\[Mm]icrosoft\\[Oo]ffice\\15.0\\[Ww]ord\\[Ss]ecurity</win:key>
			<win:name>accessvbom</win:name>
		</win:registry_object>

		<win:registry_object comment="Ensure 'notbpromptunsignedaddin' is equals to '1'" id="oval:org.cisecurity.benchmarks.microsoft_word_2013:obj:10010" version="1">
			<win:hive>HKEY_USERS</win:hive>
			<win:key operation="pattern match">^S-1-5-21-[0-9]+-[0-9]+-[0-9]+-[0-9]{4,}\\[Ss]oftware\\[Pp]olicies\\[Mm]icrosoft\\[Oo]ffice\\15.0\\[Ww]ord\\[Ss]ecurity</win:key>
			<win:name>notbpromptunsignedaddin</win:name>
		</win:registry_object>

		<win:registry_object comment="Ensure 'openinprotectedview' is equals to '0'" id="oval:org.cisecurity.benchmarks.microsoft_word_2013:obj:10011" version="1">
			<win:hive>HKEY_USERS</win:hive>
			<win:key operation="pattern match">^S-1-5-21-[0-9]+-[0-9]+-[0-9]+-[0-9]{4,}\\[Ss]oftware\\[Pp]olicies\\[Mm]icrosoft\\[Oo]ffice\\15.0\\[Ww]ord\\[Ss]ecurity\\[Ff]ileblock</win:key>
			<win:name>openinprotectedview</win:name>
		</win:registry_object>

		<win:registry_object comment="Ensure 'word60files' is equals to '2'" id="oval:org.cisecurity.benchmarks.microsoft_word_2013:obj:10012" version="1">
			<win:hive>HKEY_USERS</win:hive>
			<win:key operation="pattern match">^S-1-5-21-[0-9]+-[0-9]+-[0-9]+-[0-9]{4,}\\[Ss]oftware\\[Pp]olicies\\[Mm]icrosoft\\[Oo]ffice\\15.0\\[Ww]ord\\[Ss]ecurity\\[Ff]ileblock</win:key>
			<win:name>word60files</win:name>
		</win:registry_object>

		<win:registry_object comment="Ensure 'word95files' is equals to '2'" id="oval:org.cisecurity.benchmarks.microsoft_word_2013:obj:10013" version="1">
			<win:hive>HKEY_USERS</win:hive>
			<win:key operation="pattern match">^S-1-5-21-[0-9]+-[0-9]+-[0-9]+-[0-9]{4,}\\[Ss]oftware\\[Pp]olicies\\[Mm]icrosoft\\[Oo]ffice\\15.0\\[Ww]ord\\[Ss]ecurity\\[Ff]ileblock</win:key>
			<win:name>word95files</win:name>
		</win:registry_object>

		<win:registry_object comment="Ensure 'word97files' is equals to '2'" id="oval:org.cisecurity.benchmarks.microsoft_word_2013:obj:10014" version="1">
			<win:hive>HKEY_USERS</win:hive>
			<win:key operation="pattern match">^S-1-5-21-[0-9]+-[0-9]+-[0-9]+-[0-9]{4,}\\[Ss]oftware\\[Pp]olicies\\[Mm]icrosoft\\[Oo]ffice\\15.0\\[Ww]ord\\[Ss]ecurity\\[Ff]ileblock</win:key>
			<win:name>word97files</win:name>
		</win:registry_object>

		<win:registry_object comment="Ensure 'word2files' is equals to '2'" id="oval:org.cisecurity.benchmarks.microsoft_word_2013:obj:10015" version="1">
			<win:hive>HKEY_USERS</win:hive>
			<win:key operation="pattern match">^S-1-5-21-[0-9]+-[0-9]+-[0-9]+-[0-9]{4,}\\[Ss]oftware\\[Pp]olicies\\[Mm]icrosoft\\[Oo]ffice\\15.0\\[Ww]ord\\[Ss]ecurity\\[Ff]ileblock</win:key>
			<win:name>word2files</win:name>
		</win:registry_object>

		<win:registry_object comment="Ensure 'disableattachmentsinpv' is equals to '0'" id="oval:org.cisecurity.benchmarks.microsoft_word_2013:obj:10016" version="1">
			<win:hive>HKEY_USERS</win:hive>
			<win:key operation="pattern match">^S-1-5-21-[0-9]+-[0-9]+-[0-9]+-[0-9]{4,}\\[Ss]oftware\\[Pp]olicies\\[Mm]icrosoft\\[Oo]ffice\\15.0\\[Ww]ord\\[Ss]ecurity\\[Pp]rotectedview</win:key>
			<win:name>disableattachmentsinpv</win:name>
		</win:registry_object>

		<win:registry_object comment="Ensure 'disableeditfrompv' is equals to '1'" id="oval:org.cisecurity.benchmarks.microsoft_word_2013:obj:10017" version="1">
			<win:hive>HKEY_USERS</win:hive>
			<win:key operation="pattern match">^S-1-5-21-[0-9]+-[0-9]+-[0-9]+-[0-9]{4,}\\[Ss]oftware\\[Pp]olicies\\[Mm]icrosoft\\[Oo]ffice\\15.0\\[Ww]ord\\[Ss]ecurity\\[Ff]ilevalidation</win:key>
			<win:name>disableeditfrompv</win:name>
		</win:registry_object>

		<win:registry_object comment="Ensure 'disableunsafelocationsinpv' is equals to '0'" id="oval:org.cisecurity.benchmarks.microsoft_word_2013:obj:10018" version="1">
			<win:hive>HKEY_USERS</win:hive>
			<win:key operation="pattern match">^S-1-5-21-[0-9]+-[0-9]+-[0-9]+-[0-9]{4,}\\[Ss]oftware\\[Pp]olicies\\[Mm]icrosoft\\[Oo]ffice\\15.0\\[Ww]ord\\[Ss]ecurity\\[Pp]rotectedview</win:key>
			<win:name>disableunsafelocationsinpv</win:name>
		</win:registry_object>

		<win:registry_object comment="Ensure 'disableinternetfilesinpv' is equals to '0'" id="oval:org.cisecurity.benchmarks.microsoft_word_2013:obj:10019" version="1">
			<win:hive>HKEY_USERS</win:hive>
			<win:key operation="pattern match">^S-1-5-21-[0-9]+-[0-9]+-[0-9]+-[0-9]{4,}\\[Ss]oftware\\[Pp]olicies\\[Mm]icrosoft\\[Oo]ffice\\15.0\\[Ww]ord\\[Ss]ecurity\\[Pp]rotectedview</win:key>
			<win:name>disableinternetfilesinpv</win:name>
		</win:registry_object>

		<win:registry_object comment="Ensure 'allownetworklocations' is equals to '0'" id="oval:org.cisecurity.benchmarks.microsoft_word_2013:obj:10020" version="1">
			<win:hive>HKEY_USERS</win:hive>
			<win:key operation="pattern match">^S-1-5-21-[0-9]+-[0-9]+-[0-9]+-[0-9]{4,}\\[Ss]oftware\\[Pp]olicies\\[Mm]icrosoft\\[Oo]ffice\\15.0\\[Ww]ord\\[Ss]ecurity\\[Tt]rusted locations</win:key>
			<win:name>allownetworklocations</win:name>
		</win:registry_object>

		<win:registry_object comment="Ensure 'alllocationsdisabled' is equals to '1'" id="oval:org.cisecurity.benchmarks.microsoft_word_2013:obj:10021" version="1">
			<win:hive>HKEY_USERS</win:hive>
			<win:key operation="pattern match">^S-1-5-21-[0-9]+-[0-9]+-[0-9]+-[0-9]{4,}\\[Ss]oftware\\[Pp]olicies\\[Mm]icrosoft\\[Oo]ffice\\15.0\\[Ww]ord\\[Ss]ecurity\\[Tt]rusted locations</win:key>
			<win:name>alllocationsdisabled</win:name>
		</win:registry_object>

		<win:registry_object comment="Ensure 'dontupdatelinks' is equals to '1'" id="oval:org.cisecurity.benchmarks.microsoft_word_2013:obj:10022" version="1">
			<win:hive>HKEY_USERS</win:hive>
			<win:key operation="pattern match">^S-1-5-21-[0-9]+-[0-9]+-[0-9]+-[0-9]{4,}\\[Ss]oftware\\[Pp]olicies\\[Mm]icrosoft\\[Oo]ffice\\15.0\\[Ww]ord\\[Oo]ptions</win:key>
			<win:name>dontupdatelinks</win:name>
		</win:registry_object>

		<win:registry_object comment="Ensure 'custommarkupwarning' is equals to '1'" id="oval:org.cisecurity.benchmarks.microsoft_word_2013:obj:10023" version="1">
			<win:hive>HKEY_USERS</win:hive>
			<win:key operation="pattern match">^S-1-5-21-[0-9]+-[0-9]+-[0-9]+-[0-9]{4,}\\[Ss]oftware\\[Pp]olicies\\[Mm]icrosoft\\[Oo]ffice\\15.0\\[Ww]ord\\[Oo]ptions</win:key>
			<win:name>custommarkupwarning</win:name>
		</win:registry_object>

		<win:registry_object comment="Ensure 'useonline' is equals to '0'" id="oval:org.cisecurity.benchmarks.microsoft_word_2013:obj:10024" version="1">
			<win:hive>HKEY_USERS</win:hive>
			<win:key operation="pattern match">^S-1-5-21-[0-9]+-[0-9]+-[0-9]+-[0-9]{4,}\\[Ss]oftware\\[Pp]olicies\\[Mm]icrosoft\\[Oo]ffice\\15.0\\[Cc]ommon\\[Rr]esearch\\[Tt]ranslation</win:key>
			<win:name>useonline</win:name>
		</win:registry_object>
	</objects>
	<states>
		<win:registry_state comment="Ensure 'showhiddentext' is equals to '1'" id="oval:org.cisecurity.benchmarks.microsoft_word_2013:ste:10001" version="1">
			<win:type>reg_dword</win:type>
			<win:value datatype="int" operation="equals" var_ref="oval:org.cisecurity.benchmarks.microsoft_word_2013:var:10001"/>
		</win:registry_state>

		<win:registry_state comment="Ensure 'defaultformat' is pattern match to '^\s+$'" id="oval:org.cisecurity.benchmarks.microsoft_word_2013:ste:10002" version="1">
			<win:type>reg_sz</win:type>
			<win:value datatype="string" operation="pattern match" var_ref="oval:org.cisecurity.benchmarks.microsoft_word_2013:var:10002"/>
		</win:registry_state>

		<win:registry_state comment="Ensure 'showmarkupopensave' is equals to '1'" id="oval:org.cisecurity.benchmarks.microsoft_word_2013:ste:10003" version="1">
			<win:type>reg_dword</win:type>
			<win:value datatype="int" operation="equals" var_ref="oval:org.cisecurity.benchmarks.microsoft_word_2013:var:10003"/>
		</win:registry_state>

		<win:registry_state comment="Ensure 'enableonload' is equals to '0'" id="oval:org.cisecurity.benchmarks.microsoft_word_2013:ste:10004" version="1">
			<win:type>reg_dword</win:type>
			<win:value datatype="int" operation="equals" var_ref="oval:org.cisecurity.benchmarks.microsoft_word_2013:var:10004"/>
		</win:registry_state>

		<win:registry_state comment="Ensure 'warnrevisions' is equals to '1'" id="oval:org.cisecurity.benchmarks.microsoft_word_2013:ste:10005" version="1">
			<win:type>reg_dword</win:type>
			<win:value datatype="int" operation="equals" var_ref="oval:org.cisecurity.benchmarks.microsoft_word_2013:var:10005"/>
		</win:registry_state>

		<win:registry_state comment="Ensure 'vbawarnings' is equals to '2'" id="oval:org.cisecurity.benchmarks.microsoft_word_2013:ste:10006" version="1">
			<win:type>reg_dword</win:type>
			<win:value datatype="int" operation="equals" var_ref="oval:org.cisecurity.benchmarks.microsoft_word_2013:var:10006"/>
		</win:registry_state>

		<win:registry_state comment="Ensure 'wordbypassencryptedmacroscan' is equals to '0'" id="oval:org.cisecurity.benchmarks.microsoft_word_2013:ste:10007" version="1">
			<win:type>reg_dword</win:type>
			<win:value datatype="int" operation="equals" var_ref="oval:org.cisecurity.benchmarks.microsoft_word_2013:var:10007"/>
		</win:registry_state>

		<win:registry_state comment="Ensure 'requireaddinsig' is equals to '1'" id="oval:org.cisecurity.benchmarks.microsoft_word_2013:ste:10008" version="1">
			<win:type>reg_dword</win:type>
			<win:value datatype="int" operation="equals" var_ref="oval:org.cisecurity.benchmarks.microsoft_word_2013:var:10008"/>
		</win:registry_state>

		<win:registry_state comment="Ensure 'accessvbom' is equals to '0'" id="oval:org.cisecurity.benchmarks.microsoft_word_2013:ste:10009" version="1">
			<win:type>reg_dword</win:type>
			<win:value datatype="int" operation="equals" var_ref="oval:org.cisecurity.benchmarks.microsoft_word_2013:var:10009"/>
		</win:registry_state>

		<win:registry_state comment="Ensure 'notbpromptunsignedaddin' is equals to '1'" id="oval:org.cisecurity.benchmarks.microsoft_word_2013:ste:10010" version="1">
			<win:type>reg_dword</win:type>
			<win:value datatype="int" operation="equals" var_ref="oval:org.cisecurity.benchmarks.microsoft_word_2013:var:10010"/>
		</win:registry_state>

		<win:registry_state comment="Ensure 'openinprotectedview' is equals to '0'" id="oval:org.cisecurity.benchmarks.microsoft_word_2013:ste:10011" version="1">
			<win:type>reg_dword</win:type>
			<win:value datatype="int" operation="equals" var_ref="oval:org.cisecurity.benchmarks.microsoft_word_2013:var:10011"/>
		</win:registry_state>

		<win:registry_state comment="Ensure 'word60files' is equals to '2'" id="oval:org.cisecurity.benchmarks.microsoft_word_2013:ste:10012" version="1">
			<win:type>reg_dword</win:type>
			<win:value datatype="int" operation="equals" var_ref="oval:org.cisecurity.benchmarks.microsoft_word_2013:var:10012"/>
		</win:registry_state>

		<win:registry_state comment="Ensure 'word95files' is equals to '2'" id="oval:org.cisecurity.benchmarks.microsoft_word_2013:ste:10013" version="1">
			<win:type>reg_dword</win:type>
			<win:value datatype="int" operation="equals" var_ref="oval:org.cisecurity.benchmarks.microsoft_word_2013:var:10013"/>
		</win:registry_state>

		<win:registry_state comment="Ensure 'word97files' is equals to '2'" id="oval:org.cisecurity.benchmarks.microsoft_word_2013:ste:10014" version="1">
			<win:type>reg_dword</win:type>
			<win:value datatype="int" operation="equals" var_ref="oval:org.cisecurity.benchmarks.microsoft_word_2013:var:10014"/>
		</win:registry_state>

		<win:registry_state comment="Ensure 'word2files' is equals to '2'" id="oval:org.cisecurity.benchmarks.microsoft_word_2013:ste:10015" version="1">
			<win:type>reg_dword</win:type>
			<win:value datatype="int" operation="equals" var_ref="oval:org.cisecurity.benchmarks.microsoft_word_2013:var:10015"/>
		</win:registry_state>

		<win:registry_state comment="Ensure 'disableattachmentsinpv' is equals to '0'" id="oval:org.cisecurity.benchmarks.microsoft_word_2013:ste:10016" version="1">
			<win:type>reg_dword</win:type>
			<win:value datatype="int" operation="equals" var_ref="oval:org.cisecurity.benchmarks.microsoft_word_2013:var:10016"/>
		</win:registry_state>

		<win:registry_state comment="Ensure 'disableeditfrompv' is equals to '1'" id="oval:org.cisecurity.benchmarks.microsoft_word_2013:ste:10017" version="1">
			<win:type>reg_dword</win:type>
			<win:value datatype="int" operation="equals" var_ref="oval:org.cisecurity.benchmarks.microsoft_word_2013:var:10017"/>
		</win:registry_state>

		<win:registry_state comment="Ensure 'disableunsafelocationsinpv' is equals to '0'" id="oval:org.cisecurity.benchmarks.microsoft_word_2013:ste:10018" version="1">
			<win:type>reg_dword</win:type>
			<win:value datatype="int" operation="equals" var_ref="oval:org.cisecurity.benchmarks.microsoft_word_2013:var:10018"/>
		</win:registry_state>

		<win:registry_state comment="Ensure 'disableinternetfilesinpv' is equals to '0'" id="oval:org.cisecurity.benchmarks.microsoft_word_2013:ste:10019" version="1">
			<win:type>reg_dword</win:type>
			<win:value datatype="int" operation="equals" var_ref="oval:org.cisecurity.benchmarks.microsoft_word_2013:var:10019"/>
		</win:registry_state>

		<win:registry_state comment="Ensure 'allownetworklocations' is equals to '0'" id="oval:org.cisecurity.benchmarks.microsoft_word_2013:ste:10020" version="1">
			<win:type>reg_dword</win:type>
			<win:value datatype="int" operation="equals" var_ref="oval:org.cisecurity.benchmarks.microsoft_word_2013:var:10020"/>
		</win:registry_state>

		<win:registry_state comment="Ensure 'alllocationsdisabled' is equals to '1'" id="oval:org.cisecurity.benchmarks.microsoft_word_2013:ste:10021" version="1">
			<win:type>reg_dword</win:type>
			<win:value datatype="int" operation="equals" var_ref="oval:org.cisecurity.benchmarks.microsoft_word_2013:var:10021"/>
		</win:registry_state>

		<win:registry_state comment="Ensure 'dontupdatelinks' is equals to '1'" id="oval:org.cisecurity.benchmarks.microsoft_word_2013:ste:10022" version="1">
			<win:type>reg_dword</win:type>
			<win:value datatype="int" operation="equals" var_ref="oval:org.cisecurity.benchmarks.microsoft_word_2013:var:10022"/>
		</win:registry_state>

		<win:registry_state comment="Ensure 'custommarkupwarning' is equals to '1'" id="oval:org.cisecurity.benchmarks.microsoft_word_2013:ste:10023" version="1">
			<win:type>reg_dword</win:type>
			<win:value datatype="int" operation="equals" var_ref="oval:org.cisecurity.benchmarks.microsoft_word_2013:var:10023"/>
		</win:registry_state>

		<win:registry_state comment="Ensure 'useonline' is equals to '0'" id="oval:org.cisecurity.benchmarks.microsoft_word_2013:ste:10024" version="1">
			<win:type>reg_dword</win:type>
			<win:value datatype="int" operation="equals" var_ref="oval:org.cisecurity.benchmarks.microsoft_word_2013:var:10024"/>
		</win:registry_state>
	</states>
	<variables>
		<external_variable comment="This variable is used in Rule Set ' Hidden Text' as Enabled" datatype="int" id="oval:org.cisecurity.benchmarks.microsoft_word_2013:var:10001" version="1"/>

		<external_variable comment="This variable is used in Rule Set 'Default File Format' to Enabled (Word Document (.docx))" datatype="string" id="oval:org.cisecurity.benchmarks.microsoft_word_2013:var:10002" version="1"/>

		<external_variable comment="This variable is used in Rule Set 'Make Hidden Markup Visible' to Enabled" datatype="int" id="oval:org.cisecurity.benchmarks.microsoft_word_2013:var:10003" version="1"/>

		<external_variable comment="This variable is used in Rule Set 'Turn Off File Validation' to Enabled" datatype="int" id="oval:org.cisecurity.benchmarks.microsoft_word_2013:var:10004" version="1"/>

		<external_variable comment="This variable is used in Rule Set 'Warn Before Printing, Saving or Sending a File That Contains Tracked Changes or Comments' to Enabled" datatype="int" id="oval:org.cisecurity.benchmarks.microsoft_word_2013:var:10005" version="1"/>

		<external_variable comment="This variable is used in Rule Set 'VBA Macro Notification Settings' to Enabled (Disable all Except Digitally Signed)" datatype="int" id="oval:org.cisecurity.benchmarks.microsoft_word_2013:var:10006" version="1"/>

		<external_variable comment="This variable is used in Rule Set 'Scan Encrypted Macros in Word Open XML Documents' to Enabled" datatype="int" id="oval:org.cisecurity.benchmarks.microsoft_word_2013:var:10007" version="1"/>

		<external_variable comment="This variable is used in Rule Set 'Require That Application Add-ins Are Signed By Trusted Publisher' to Enabled" datatype="int" id="oval:org.cisecurity.benchmarks.microsoft_word_2013:var:10008" version="1"/>

		<external_variable comment="This variable is used in Rule Set 'Trust Access to Visual Basic Project' to Disabled" datatype="int" id="oval:org.cisecurity.benchmarks.microsoft_word_2013:var:10009" version="1"/>

		<external_variable comment="This variable is used in Rule Set 'Disable Trust Bar Notification for Unsigned Application Add-ins and Block Them' to Enable" datatype="int" id="oval:org.cisecurity.benchmarks.microsoft_word_2013:var:10010" version="1"/>

		<external_variable comment="This variable is used in Rule Set 'Default File Block Behavior' to Enabled (Blocked files are not opened)" datatype="int" id="oval:org.cisecurity.benchmarks.microsoft_word_2013:var:10011" version="1"/>

		<external_variable comment="This variable is used in Rule Set 'Word 6.0 Binary Documents and Templates' to Enabled (Open/Save blocked, use open policy)" datatype="int" id="oval:org.cisecurity.benchmarks.microsoft_word_2013:var:10012" version="1"/>

		<external_variable comment="This variable is used in Rule Set 'Word 95 Binary Documents and Templates' to Enabled (Open/Save Blocked, Use Open Policy)" datatype="int" id="oval:org.cisecurity.benchmarks.microsoft_word_2013:var:10013" version="1"/>

		<external_variable comment="This variable is used in Rule Set 'Word 97 Binary Documents and Templates' to Enabled (Open/Save Blocked, Use Open Policy)" datatype="int" id="oval:org.cisecurity.benchmarks.microsoft_word_2013:var:10014" version="1"/>

		<external_variable comment="This variable is used in Rule Set 'Word 2 and Earlier Binary Documents and Templates' to Enabled (Open/Save blocked, use open policy)" datatype="int" id="oval:org.cisecurity.benchmarks.microsoft_word_2013:var:10015" version="1"/>

		<external_variable comment="This variable is used in Rule Set 'Turn Off Protected View for Attachments Opened From Outlook' to Disabled" datatype="int" id="oval:org.cisecurity.benchmarks.microsoft_word_2013:var:10016" version="1"/>

		<external_variable comment="This variable is used in Rule Set 'Document Behavior if File Validation Fails' to Enabled (Open in Protected View) Unchecked for &quot;Do not allow edit&quot;" datatype="int" id="oval:org.cisecurity.benchmarks.microsoft_word_2013:var:10017" version="1"/>

		<external_variable comment="This variable is used in Rule Set 'Do Not Open Files in Unsafe Locations in Protected View' to Disabled" datatype="int" id="oval:org.cisecurity.benchmarks.microsoft_word_2013:var:10018" version="1"/>

		<external_variable comment="This variable is used in Rule Set 'Do Not Open Files From The Internet Zone in Protected View' to Disabled" datatype="int" id="oval:org.cisecurity.benchmarks.microsoft_word_2013:var:10019" version="1"/>

		<external_variable comment="This variable is used in Rule Set 'Allow Trusted Locations on the Network' to Disabled" datatype="int" id="oval:org.cisecurity.benchmarks.microsoft_word_2013:var:10020" version="1"/>

		<external_variable comment="This variable is used in Rule Set 'Disable All Trusted Locations' to Enabled" datatype="int" id="oval:org.cisecurity.benchmarks.microsoft_word_2013:var:10021" version="1"/>

		<external_variable comment="This variable is used in Rule Set 'Update Automatic Links at Open' to Disabled" datatype="int" id="oval:org.cisecurity.benchmarks.microsoft_word_2013:var:10022" version="1"/>

		<external_variable comment="This variable is used in Rule Set 'Custom Markup Warning' to Enabled" datatype="int" id="oval:org.cisecurity.benchmarks.microsoft_word_2013:var:10023" version="1"/>

		<external_variable comment="This variable is used in Rule Set 'Use Online Translation Dictionaries' to Disabled" datatype="int" id="oval:org.cisecurity.benchmarks.microsoft_word_2013:var:10024" version="1"/>
	</variables>
</oval_definitions>