<?xml version="1.0" encoding="UTF-8" standalone="no"?><oval_definitions xmlns="http://oval.mitre.org/XMLSchema/oval-definitions-5" xmlns:oval="http://oval.mitre.org/XMLSchema/oval-common-5" xmlns:win="http://oval.mitre.org/XMLSchema/oval-definitions-5#windows" xmlns:xsi="http://www.w3.org/2001/XMLSchema-instance" xsi:schemaLocation="http://oval.mitre.org/XMLSchema/oval-definitions-5#windows http://oval.mitre.org/language/version5.11/ovaldefinition/complete/windows-definitions-schema.xsd http://oval.mitre.org/XMLSchema/oval-definitions-5 http://oval.mitre.org/language/version5.11/ovaldefinition/complete/oval-definitions-schema.xsd http://oval.mitre.org/XMLSchema/oval-common-5 http://oval.mitre.org/language/version5.11/ovaldefinition/complete/oval-common-schema.xsd">
	<generator>
		<oval:product_name>Center for Internet Security</oval:product_name>
		<oval:schema_version>5.11</oval:schema_version>
		<oval:timestamp>2015-08-06T09:05:51-04:00</oval:timestamp>
	</generator>
	<definitions>
		<definition class="inventory" id="oval:org.mitre.oval:def:15493" version="5">
			<metadata>
				<title>Microsoft Access 2013 is installed</title>
				<affected family="windows">
					<platform>Microsoft Windows 7</platform>
					<platform>Microsoft Windows 8</platform>
					<platform>Microsoft Windows Server 2008 R2</platform>
					<platform>Microsoft Windows Server 2012</platform>
					<product>Microsoft Office Access 2013</product>
				</affected>
				<reference ref_id="cpe:/a:microsoft:access:2013" source="CPE"/>
				<description>The application Microsoft Access 2013 is installed.</description>
				<oval_repository>
					<dates>
						<submitted date="2012-07-27T14:06:52.767-04:00">
							<contributor organization="G2, Inc.">Shane Shaffer</contributor>
						</submitted>
						<status_change date="2012-07-27T17:26:32.524-04:00">DRAFT</status_change>
						<status_change date="2012-08-13T04:00:17.437-04:00">INTERIM</status_change>
						<status_change date="2012-09-03T04:00:09.202-04:00">ACCEPTED</status_change>
						<modified comment="EDITED oval:org.mitre.oval:def:15493 - Submission on new and updated MS bulletin defs for the month of Sept'13." date="2013-09-17T09:54:00.802-04:00">
							<contributor organization="SecPod Technologies">Sharath S</contributor>
						</modified>
						<status_change date="2013-09-17T09:56:13.813-04:00">INTERIM</status_change>
						<status_change date="2013-10-07T04:07:41.699-04:00">ACCEPTED</status_change>
					</dates>
					<status>ACCEPTED</status>
				</oval_repository>
			</metadata>
			<criteria>
				<criterion comment="Microsoft Access 2013 is installed" test_ref="oval:org.mitre.oval:tst:79783"/>
			</criteria>
		</definition>
		<definition class="compliance" id="oval:org.cisecurity.benchmarks.microsoft_access_2013:def:1002" version="1">
			<metadata>
				<title>Set 'Require that application add-ins are signed by
					Trusted Publisher' to Enabled</title>
				<affected family="windows">
					<product>Microsoft Access 2013</product>
				</affected>
				<reference ref_id="xccdf_org.cisecurity.benchmarks_rule_1.1.1_Set_Require_that_application_add-ins_are_signed_by_Trusted_Publisher_to_Enabled" ref_url="http://benchmarks.cisecurity.org" source="xccdf_org.cisecurity.benchmarks_benchmark_1.0.0_CIS_Microsoft_Access_2013_Benchmark"/>
				<description>Set 'Require that application add-ins are signed by
					Trusted Publisher' to Enabled</description>
			</metadata>
			<criteria operator="AND">
				<criterion test_ref="oval:org.cisecurity.benchmarks.microsoft_access_2013:tst:10001"/>
			</criteria>
		</definition>

		<definition class="compliance" id="oval:org.cisecurity.benchmarks.microsoft_access_2013:def:1003" version="1">
			<metadata>
				<title>Set 'VBA Macro Notification Settings' to Enabled (Disable
					all Except Digitally Signed Macros)</title>
				<affected family="windows">
					<product>Microsoft Access 2013</product>
				</affected>
				<reference ref_id="xccdf_org.cisecurity.benchmarks_rule_1.1.2_Set_VBA_Macro_Notification_Settings_to_Enabled_Disable_all_Except_Digitally_Signed_Macros" ref_url="http://benchmarks.cisecurity.org" source="xccdf_org.cisecurity.benchmarks_benchmark_1.0.0_CIS_Microsoft_Access_2013_Benchmark"/>
				<description>Set 'VBA Macro Notification Settings' to Enabled (Disable
					all Except Digitally Signed Macros)</description>
			</metadata>
			<criteria operator="AND">
				<criterion test_ref="oval:org.cisecurity.benchmarks.microsoft_access_2013:tst:10002"/>
			</criteria>
		</definition>

		<definition class="compliance" id="oval:org.cisecurity.benchmarks.microsoft_access_2013:def:1004" version="1">
			<metadata>
				<title>Set 'Disable Trust Bar Notification for unsigned
					application add-ins ' to Enabled</title>
				<affected family="windows">
					<product>Microsoft Access 2013</product>
				</affected>
				<reference ref_id="xccdf_org.cisecurity.benchmarks_rule_1.1.3_Set_Disable_Trust_Bar_Notification_for_unsigned_application_add-ins__to_Enabled" ref_url="http://benchmarks.cisecurity.org" source="xccdf_org.cisecurity.benchmarks_benchmark_1.0.0_CIS_Microsoft_Access_2013_Benchmark"/>
				<description>Set 'Disable Trust Bar Notification for unsigned
					application add-ins ' to Enabled</description>
			</metadata>
			<criteria operator="AND">
				<criterion test_ref="oval:org.cisecurity.benchmarks.microsoft_access_2013:tst:10003"/>
			</criteria>
		</definition>

		<definition class="compliance" id="oval:org.cisecurity.benchmarks.microsoft_access_2013:def:1005" version="1">
			<metadata>
				<title>Set 'Allow Trusted Locations on the network' to
					Disabled</title>
				<affected family="windows">
					<product>Microsoft Access 2013</product>
				</affected>
				<reference ref_id="xccdf_org.cisecurity.benchmarks_rule_1.1.4_Set_Allow_Trusted_Locations_on_the_network_to_Disabled" ref_url="http://benchmarks.cisecurity.org" source="xccdf_org.cisecurity.benchmarks_benchmark_1.0.0_CIS_Microsoft_Access_2013_Benchmark"/>
				<description>Set 'Allow Trusted Locations on the network' to
					Disabled</description>
			</metadata>
			<criteria operator="AND">
				<criterion test_ref="oval:org.cisecurity.benchmarks.microsoft_access_2013:tst:10004"/>
			</criteria>
		</definition>

		<definition class="compliance" id="oval:org.cisecurity.benchmarks.microsoft_access_2013:def:1006" version="1">
			<metadata>
				<title>Set 'Disable all trusted locations' to
					Enabled</title>
				<affected family="windows">
					<product>Microsoft Access 2013</product>
				</affected>
				<reference ref_id="xccdf_org.cisecurity.benchmarks_rule_1.1.5_Set_Disable_all_trusted_locations_to_Enabled" ref_url="http://benchmarks.cisecurity.org" source="xccdf_org.cisecurity.benchmarks_benchmark_1.0.0_CIS_Microsoft_Access_2013_Benchmark"/>
				<description>Set 'Disable all trusted locations' to
					Enabled</description>
			</metadata>
			<criteria operator="AND">
				<criterion test_ref="oval:org.cisecurity.benchmarks.microsoft_access_2013:tst:10005"/>
			</criteria>
		</definition>

		<definition class="compliance" id="oval:org.cisecurity.benchmarks.microsoft_access_2013:def:1007" version="1">
			<metadata>
				<title>Set 'Underline hyperlinks' to Enabled</title>
				<affected family="windows">
					<product>Microsoft Access 2013</product>
				</affected>
				<reference ref_id="xccdf_org.cisecurity.benchmarks_rule_1.1.6_Set_Underline_hyperlinks_to_Enabled" ref_url="http://benchmarks.cisecurity.org" source="xccdf_org.cisecurity.benchmarks_benchmark_1.0.0_CIS_Microsoft_Access_2013_Benchmark"/>
				<description>Set 'Underline hyperlinks' to Enabled</description>
			</metadata>
			<criteria operator="AND">
				<criterion test_ref="oval:org.cisecurity.benchmarks.microsoft_access_2013:tst:10006"/>
			</criteria>
		</definition>

		<definition class="compliance" id="oval:org.cisecurity.benchmarks.microsoft_access_2013:def:1008" version="1">
			<metadata>
				<title>Set 'Do not prompt to convert older databases' to
					Disabled</title>
				<affected family="windows">
					<product>Microsoft Access 2013</product>
				</affected>
				<reference ref_id="xccdf_org.cisecurity.benchmarks_rule_1.2.1_Set_Do_not_prompt_to_convert_older_databases_to_Disabled" ref_url="http://benchmarks.cisecurity.org" source="xccdf_org.cisecurity.benchmarks_benchmark_1.0.0_CIS_Microsoft_Access_2013_Benchmark"/>
				<description>Set 'Do not prompt to convert older databases' to
					Disabled</description>
			</metadata>
			<criteria operator="AND">
				<criterion test_ref="oval:org.cisecurity.benchmarks.microsoft_access_2013:tst:10007"/>
			</criteria>
		</definition>

		<definition class="compliance" id="oval:org.cisecurity.benchmarks.microsoft_access_2013:def:1009" version="1">
			<metadata>
				<title>Set 'Default file format' to Enabled (Access
					2007)</title>
				<affected family="windows">
					<product>Microsoft Access 2013</product>
				</affected>
				<reference ref_id="xccdf_org.cisecurity.benchmarks_rule_1.2.2_Set_Default_file_format_to_Enabled_Access_2007" ref_url="http://benchmarks.cisecurity.org" source="xccdf_org.cisecurity.benchmarks_benchmark_1.0.0_CIS_Microsoft_Access_2013_Benchmark"/>
				<description>Set 'Default file format' to Enabled (Access
					2007)</description>
			</metadata>
			<criteria operator="AND">
				<criterion test_ref="oval:org.cisecurity.benchmarks.microsoft_access_2013:tst:10008"/>
			</criteria>
		</definition>

		<definition class="compliance" id="oval:org.cisecurity.benchmarks.microsoft_access_2013:def:1010" version="1">
			<metadata>
				<title>Set 'Modal Trust Decision Only' to Disabled</title>
				<affected family="windows">
					<product>Microsoft Access 2013</product>
				</affected>
				<reference ref_id="xccdf_org.cisecurity.benchmarks_rule_1.3.1_Set_Modal_Trust_Decision_Only_to_Disabled" ref_url="http://benchmarks.cisecurity.org" source="xccdf_org.cisecurity.benchmarks_benchmark_1.0.0_CIS_Microsoft_Access_2013_Benchmark"/>
				<description>Set 'Modal Trust Decision Only' to Disabled</description>
			</metadata>
			<criteria operator="AND">
				<criterion test_ref="oval:org.cisecurity.benchmarks.microsoft_access_2013:tst:10009"/>
			</criteria>
		</definition>
	</definitions>
	<tests>
		<registry_test xmlns="http://oval.mitre.org/XMLSchema/oval-definitions-5#windows" check="at least one" check_existence="at_least_one_exists" comment="Microsoft Access 2013 is installed" id="oval:org.mitre.oval:tst:79783" version="1">
			<object object_ref="oval:org.mitre.oval:obj:23710"/>
		</registry_test>
		<win:registry_test check="all" check_existence="all_exist" comment="Ensure         'requireaddinsig' is equals to '1'" id="oval:org.cisecurity.benchmarks.microsoft_access_2013:tst:10001" version="1">
			<win:object object_ref="oval:org.cisecurity.benchmarks.microsoft_access_2013:obj:10001"/>
			<win:state state_ref="oval:org.cisecurity.benchmarks.microsoft_access_2013:ste:10001"/>
		</win:registry_test>

		<win:registry_test check="all" check_existence="all_exist" comment="Ensure         'vbawarnings' is equals to '3'" id="oval:org.cisecurity.benchmarks.microsoft_access_2013:tst:10002" version="1">
			<win:object object_ref="oval:org.cisecurity.benchmarks.microsoft_access_2013:obj:10002"/>
			<win:state state_ref="oval:org.cisecurity.benchmarks.microsoft_access_2013:ste:10002"/>
		</win:registry_test>

		<win:registry_test check="all" check_existence="all_exist" comment="Ensure         'notbpromptunsignedaddin' is equals to '1'" id="oval:org.cisecurity.benchmarks.microsoft_access_2013:tst:10003" version="1">
			<win:object object_ref="oval:org.cisecurity.benchmarks.microsoft_access_2013:obj:10003"/>
			<win:state state_ref="oval:org.cisecurity.benchmarks.microsoft_access_2013:ste:10003"/>
		</win:registry_test>

		<win:registry_test check="all" check_existence="all_exist" comment="Ensure         'allownetworklocations' is equals to '0'" id="oval:org.cisecurity.benchmarks.microsoft_access_2013:tst:10004" version="1">
			<win:object object_ref="oval:org.cisecurity.benchmarks.microsoft_access_2013:obj:10004"/>
			<win:state state_ref="oval:org.cisecurity.benchmarks.microsoft_access_2013:ste:10004"/>
		</win:registry_test>

		<win:registry_test check="all" check_existence="all_exist" comment="Ensure         'alllocationsdisabled' is equals to '1'" id="oval:org.cisecurity.benchmarks.microsoft_access_2013:tst:10005" version="1">
			<win:object object_ref="oval:org.cisecurity.benchmarks.microsoft_access_2013:obj:10005"/>
			<win:state state_ref="oval:org.cisecurity.benchmarks.microsoft_access_2013:ste:10005"/>
		</win:registry_test>

		<win:registry_test check="all" check_existence="all_exist" comment="Ensure         'donotunderlinehyperlinks' is equals to '0'" id="oval:org.cisecurity.benchmarks.microsoft_access_2013:tst:10006" version="1">
			<win:object object_ref="oval:org.cisecurity.benchmarks.microsoft_access_2013:obj:10006"/>
			<win:state state_ref="oval:org.cisecurity.benchmarks.microsoft_access_2013:ste:10006"/>
		</win:registry_test>

		<win:registry_test check="all" check_existence="all_exist" comment="Ensure         'noconvertdialog' is equals to '0'" id="oval:org.cisecurity.benchmarks.microsoft_access_2013:tst:10007" version="1">
			<win:object object_ref="oval:org.cisecurity.benchmarks.microsoft_access_2013:obj:10007"/>
			<win:state state_ref="oval:org.cisecurity.benchmarks.microsoft_access_2013:ste:10007"/>
		</win:registry_test>

		<win:registry_test check="all" check_existence="all_exist" comment="Ensure         'default file format' is equals to '12'" id="oval:org.cisecurity.benchmarks.microsoft_access_2013:tst:10008" version="1">
			<win:object object_ref="oval:org.cisecurity.benchmarks.microsoft_access_2013:obj:10008"/>
			<win:state state_ref="oval:org.cisecurity.benchmarks.microsoft_access_2013:ste:10008"/>
		</win:registry_test>

		<win:registry_test check="all" check_existence="all_exist" comment="Ensure         'modaltrustdecisiononly' is equals to '0'" id="oval:org.cisecurity.benchmarks.microsoft_access_2013:tst:10009" version="1">
			<win:object object_ref="oval:org.cisecurity.benchmarks.microsoft_access_2013:obj:10009"/>
			<win:state state_ref="oval:org.cisecurity.benchmarks.microsoft_access_2013:ste:10009"/>
		</win:registry_test>
	</tests>
	<objects>
		<registry_object xmlns="http://oval.mitre.org/XMLSchema/oval-definitions-5#windows" comment="Access 2013 install path" id="oval:org.mitre.oval:obj:23710" version="1">
			<set xmlns="http://oval.mitre.org/XMLSchema/oval-definitions-5">
				<object_reference>oval:org.mitre.oval:obj:23651</object_reference>
				<object_reference>oval:org.mitre.oval:obj:24043</object_reference>
			</set>
		</registry_object>
		<registry_object xmlns="http://oval.mitre.org/XMLSchema/oval-definitions-5#windows" comment="32 bit Access 2013 install path" id="oval:org.mitre.oval:obj:23651" version="1">
			<behaviors windows_view="32_bit"/>
			<hive>HKEY_LOCAL_MACHINE</hive>
			<key>SOFTWARE\Microsoft\Office\15.0\Access\InstallRoot</key>
			<name>Path</name>
		</registry_object>
		<registry_object xmlns="http://oval.mitre.org/XMLSchema/oval-definitions-5#windows" comment="Native Access 2013 install path" id="oval:org.mitre.oval:obj:24043" version="1">
			<hive>HKEY_LOCAL_MACHINE</hive>
			<key>SOFTWARE\Microsoft\Office\15.0\Access\InstallRoot</key>
			<name>Path</name>
		</registry_object>
		<win:registry_object comment="Ensure         'requireaddinsig' is equals to '1'" id="oval:org.cisecurity.benchmarks.microsoft_access_2013:obj:10001" version="1">
			<win:hive>HKEY_USERS</win:hive>
			<win:key operation="pattern match">^S-1-5-21-[0-9]+-[0-9]+-[0-9]+-[0-9]{4,}\\[Ss]oftware\\[Pp]olicies\\[Mm]icrosoft\\[Oo]ffice\\15.0\\[Aa]ccess\\[Ss]ecurity</win:key>
			<win:name>requireaddinsig</win:name>
		</win:registry_object>

		<win:registry_object comment="Ensure         'vbawarnings' is equals to '3'" id="oval:org.cisecurity.benchmarks.microsoft_access_2013:obj:10002" version="1">
			<win:hive>HKEY_USERS</win:hive>
			<win:key operation="pattern match">^S-1-5-21-[0-9]+-[0-9]+-[0-9]+-[0-9]{4,}\\[Ss]oftware\\[Pp]olicies\\[Mm]icrosoft\\[Oo]ffice\\15.0\\[Aa]ccess\\[Ss]ecurity</win:key>
			<win:name>vbawarnings</win:name>
		</win:registry_object>

		<win:registry_object comment="Ensure         'notbpromptunsignedaddin' is equals to '1'" id="oval:org.cisecurity.benchmarks.microsoft_access_2013:obj:10003" version="1">
			<win:hive>HKEY_USERS</win:hive>
			<win:key operation="pattern match">^S-1-5-21-[0-9]+-[0-9]+-[0-9]+-[0-9]{4,}\\[Ss]oftware\\[Pp]olicies\\[Mm]icrosoft\\[Oo]ffice\\15.0\\[Aa]ccess\\[Ss]ecurity</win:key>
			<win:name>notbpromptunsignedaddin</win:name>
		</win:registry_object>

		<win:registry_object comment="Ensure         'allownetworklocations' is equals to '0'" id="oval:org.cisecurity.benchmarks.microsoft_access_2013:obj:10004" version="1">
			<win:hive>HKEY_USERS</win:hive>
			<win:key operation="pattern match">^S-1-5-21-[0-9]+-[0-9]+-[0-9]+-[0-9]{4,}\\[Ss]oftware\\[Pp]olicies\\[Mm]icrosoft\\[Oo]ffice\\15.0\\[Aa]ccess\\[Ss]ecurity\\[Tt]rusted
										locations</win:key>
			<win:name>allownetworklocations</win:name>
		</win:registry_object>

		<win:registry_object comment="Ensure         'alllocationsdisabled' is equals to '1'" id="oval:org.cisecurity.benchmarks.microsoft_access_2013:obj:10005" version="1">
			<win:hive>HKEY_USERS</win:hive>
			<win:key operation="pattern match">^S-1-5-21-[0-9]+-[0-9]+-[0-9]+-[0-9]{4,}\\[Ss]oftware\\[Pp]olicies\\[Mm]icrosoft\\[Oo]ffice\\15.0\\[Aa]ccess\\[Ss]ecurity\\[Tt]rusted\s[Ll]ocations</win:key>
			<win:name>alllocationsdisabled</win:name>
		</win:registry_object>

		<win:registry_object comment="Ensure         'donotunderlinehyperlinks' is equals to '0'" id="oval:org.cisecurity.benchmarks.microsoft_access_2013:obj:10006" version="1">
			<win:hive>HKEY_USERS</win:hive>
			<win:key operation="pattern match">^S-1-5-21-[0-9]+-[0-9]+-[0-9]+-[0-9]{4,}\\[Ss]oftware\\[Pp]olicies\\[Mm]icrosoft\\[Oo]ffice\\15.0\\[Aa]ccess\\[Ii]nternet</win:key>
			<win:name>donotunderlinehyperlinks</win:name>
		</win:registry_object>

		<win:registry_object comment="Ensure         'noconvertdialog' is equals to '0'" id="oval:org.cisecurity.benchmarks.microsoft_access_2013:obj:10007" version="1">
			<win:hive>HKEY_USERS</win:hive>
			<win:key operation="pattern match">^S-1-5-21-[0-9]+-[0-9]+-[0-9]+-[0-9]{4,}\\[Ss]oftware\\[Pp]olicies\\[Mm]icrosoft\\[Oo]ffice\\15.0\\[Aa]ccess\\[Ss]ettings</win:key>
			<win:name>noconvertdialog</win:name>
		</win:registry_object>

		<win:registry_object comment="Ensure         'default file format' is equals to '12'" id="oval:org.cisecurity.benchmarks.microsoft_access_2013:obj:10008" version="1">
			<win:hive>HKEY_USERS</win:hive>
			<win:key operation="pattern match">^S-1-5-21-[0-9]+-[0-9]+-[0-9]+-[0-9]{4,}\\[Ss]oftware\\[Pp]olicies\\[Mm]icrosoft\\[Oo]ffice\\15.0\\[Aa]ccess\\[Ss]ettings</win:key>
			<win:name>default file format</win:name>
		</win:registry_object>

		<win:registry_object comment="Ensure         'modaltrustdecisiononly' is equals to '0'" id="oval:org.cisecurity.benchmarks.microsoft_access_2013:obj:10009" version="1">
			<win:hive>HKEY_USERS</win:hive>
			<win:key operation="pattern match">^S-1-5-21-[0-9]+-[0-9]+-[0-9]+-[0-9]{4,}\\[Ss]oftware\\[Pp]olicies\\[Mm]icrosoft\\[Oo]ffice\\15.0\\[Aa]ccess\\[Ss]ecurity</win:key>
			<win:name>modaltrustdecisiononly</win:name>
		</win:registry_object>
	</objects>
	<states>
		<win:registry_state comment="Ensure         'requireaddinsig' is equals to '1'" id="oval:org.cisecurity.benchmarks.microsoft_access_2013:ste:10001" version="1">
			<win:type>reg_dword</win:type>
			<win:value datatype="int" operation="equals" var_ref="oval:org.cisecurity.benchmarks.microsoft_access_2013:var:10001"/>
		</win:registry_state>

		<win:registry_state comment="Ensure         'vbawarnings' is equals to '3'" id="oval:org.cisecurity.benchmarks.microsoft_access_2013:ste:10002" version="1">
			<win:type>reg_dword</win:type>
			<win:value datatype="int" operation="equals" var_ref="oval:org.cisecurity.benchmarks.microsoft_access_2013:var:10002"/>
		</win:registry_state>

		<win:registry_state comment="Ensure         'notbpromptunsignedaddin' is equals to '1'" id="oval:org.cisecurity.benchmarks.microsoft_access_2013:ste:10003" version="1">
			<win:type>reg_dword</win:type>
			<win:value datatype="int" operation="equals" var_ref="oval:org.cisecurity.benchmarks.microsoft_access_2013:var:10003"/>
		</win:registry_state>

		<win:registry_state comment="Ensure         'allownetworklocations' is equals to '0'" id="oval:org.cisecurity.benchmarks.microsoft_access_2013:ste:10004" version="1">
			<win:type>reg_dword</win:type>
			<win:value datatype="int" operation="equals" var_ref="oval:org.cisecurity.benchmarks.microsoft_access_2013:var:10004"/>
		</win:registry_state>

		<win:registry_state comment="Ensure         'alllocationsdisabled' is equals to '1'" id="oval:org.cisecurity.benchmarks.microsoft_access_2013:ste:10005" version="1">
			<win:type>reg_dword</win:type>
			<win:value datatype="int" operation="equals" var_ref="oval:org.cisecurity.benchmarks.microsoft_access_2013:var:10005"/>
		</win:registry_state>

		<win:registry_state comment="Ensure         'donotunderlinehyperlinks' is equals to '0'" id="oval:org.cisecurity.benchmarks.microsoft_access_2013:ste:10006" version="1">
			<win:type>reg_dword</win:type>
			<win:value datatype="int" operation="equals" var_ref="oval:org.cisecurity.benchmarks.microsoft_access_2013:var:10006"/>
		</win:registry_state>

		<win:registry_state comment="Ensure         'noconvertdialog' is equals to '0'" id="oval:org.cisecurity.benchmarks.microsoft_access_2013:ste:10007" version="1">
			<win:type>reg_dword</win:type>
			<win:value datatype="int" operation="equals" var_ref="oval:org.cisecurity.benchmarks.microsoft_access_2013:var:10007"/>
		</win:registry_state>

		<win:registry_state comment="Ensure         'default file format' is equals to '12'" id="oval:org.cisecurity.benchmarks.microsoft_access_2013:ste:10008" version="1">
			<win:type>reg_dword</win:type>
			<win:value datatype="int" operation="equals" var_ref="oval:org.cisecurity.benchmarks.microsoft_access_2013:var:10008"/>
		</win:registry_state>

		<win:registry_state comment="Ensure         'modaltrustdecisiononly' is equals to '0'" id="oval:org.cisecurity.benchmarks.microsoft_access_2013:ste:10009" version="1">
			<win:type>reg_dword</win:type>
			<win:value datatype="int" operation="equals" var_ref="oval:org.cisecurity.benchmarks.microsoft_access_2013:var:10009"/>
		</win:registry_state>
	</states>
	<variables>
		<external_variable comment="This variable is used in Rule Set 'Require that application add-ins are signed by      Trusted Publisher' to Enabled" datatype="int" id="oval:org.cisecurity.benchmarks.microsoft_access_2013:var:10001" version="1"/>

		<external_variable comment="This variable is used in Rule Set 'VBA Macro Notification Settings' to Enabled (Disable      all Except Digitally Signed Macros)" datatype="int" id="oval:org.cisecurity.benchmarks.microsoft_access_2013:var:10002" version="1"/>

		<external_variable comment="This variable is used in Rule Set 'Disable Trust Bar Notification for unsigned      application add-ins ' to Enabled" datatype="int" id="oval:org.cisecurity.benchmarks.microsoft_access_2013:var:10003" version="1"/>

		<external_variable comment="This variable is used in Rule Set 'Allow Trusted Locations on the network' to      Disabled" datatype="int" id="oval:org.cisecurity.benchmarks.microsoft_access_2013:var:10004" version="1"/>

		<external_variable comment="This variable is used in Rule Set 'Disable all trusted locations' to      Enabled" datatype="int" id="oval:org.cisecurity.benchmarks.microsoft_access_2013:var:10005" version="1"/>

		<external_variable comment="This variable is used in Rule Set 'Underline hyperlinks' to Enabled" datatype="int" id="oval:org.cisecurity.benchmarks.microsoft_access_2013:var:10006" version="1"/>

		<external_variable comment="This variable is used in Rule Set 'Do not prompt to convert older databases' to      Disabled" datatype="int" id="oval:org.cisecurity.benchmarks.microsoft_access_2013:var:10007" version="1"/>

		<external_variable comment="This variable is used in Rule Set 'Default file format' to Enabled (Access      2007)" datatype="int" id="oval:org.cisecurity.benchmarks.microsoft_access_2013:var:10008" version="1"/>

		<external_variable comment="This variable is used in Rule Set 'Modal Trust Decision Only' to Disabled" datatype="int" id="oval:org.cisecurity.benchmarks.microsoft_access_2013:var:10009" version="1"/>
	</variables>
</oval_definitions>